{
    "id": 219,
    "name": "BOONJI #269",
    "description": "Boonji Project is a collection of 11,111 unique digital Non-Fungible Tokens launched on the Ethereum blockchain created by world-renowned artist Brendan Murphy. Your Boonji Avatar NFT not only serves as artwork but also becomes the passport that allows you to travel with the Boonji Spaceman.",
    "collection_name": "Boonji Project",
    "collection_description": "Boonji Project, launched on the Ethereum blockchain, is a collection of unique digital non-fungible tokens created by world-renowned artist Brendan Murphy. Your Boonji Avatar NFT not only serves as a piece of collectible digital artwork, but also as a passport that allows you to travel through an unexplored galaxy with the Boonji Spaceman.",
    "transaction_time": "2021-10-21T23:33:21",
    "eth_price": "1900000000000000000",
    "eth_price_decimal": 18,
    "usd_price": 4054.32,
    "usd_volume": 28220661820.0,
    "usd_marketcap": 478500948880.0,
    "media_filenames": [
        "00219.jpg"
    ],
    "has_audio_in_video": false,
    "price_class": 5,
    "price_bin_3_class": 1,
    "price_bin_20_class": 11,
    "price_bin_100_class": 59
}