{
    "id": 465,
    "name": "BOONJI #888",
    "description": "Boonji Project is a collection of 11,111 unique digital Non-Fungible Tokens launched on the Ethereum blockchain created by world-renowned artist Brendan Murphy. Your Boonji Avatar NFT not only serves as artwork but also becomes the passport that allows you to travel with the Boonji Spaceman.",
    "collection_name": "Boonji Project",
    "collection_description": "Boonji Project, launched on the Ethereum blockchain, is a collection of unique digital non-fungible tokens created by world-renowned artist Brendan Murphy. Your Boonji Avatar NFT not only serves as a piece of collectible digital artwork, but also as a passport that allows you to travel through an unexplored galaxy with the Boonji Spaceman.",
    "transaction_time": "2021-10-25T05:35:01",
    "eth_price": "911000000000000000",
    "eth_price_decimal": 18,
    "usd_price": 4217.88,
    "usd_volume": 15995727040.0,
    "usd_marketcap": 498030801217.0,
    "media_filenames": [
        "00465.jpg"
    ],
    "has_audio_in_video": false,
    "price_class": 4,
    "price_bin_3_class": 1,
    "price_bin_20_class": 9,
    "price_bin_100_class": 47
}