{
    "id": 532,
    "name": "BOONJI #996",
    "description": "Boonji Project is a collection of 11,111 unique digital Non-Fungible Tokens launched on the Ethereum blockchain created by world-renowned artist Brendan Murphy. Your Boonji Avatar NFT not only serves as artwork but also becomes the passport that allows you to travel with the Boonji Spaceman.",
    "collection_name": "Boonji Project",
    "collection_description": "Boonji Project, launched on the Ethereum blockchain, is a collection of unique digital non-fungible tokens created by world-renowned artist Brendan Murphy. Your Boonji Avatar NFT not only serves as a piece of collectible digital artwork, but also as a passport that allows you to travel through an unexplored galaxy with the Boonji Spaceman.",
    "transaction_time": "2021-10-30T03:38:32",
    "eth_price": "399000000000000000",
    "eth_price_decimal": 18,
    "usd_price": 4325.65,
    "usd_volume": 14615490626.0,
    "usd_marketcap": 511045675623.0,
    "media_filenames": [
        "00532.jpg"
    ],
    "has_audio_in_video": false,
    "price_class": 3,
    "price_bin_3_class": 1,
    "price_bin_20_class": 7,
    "price_bin_100_class": 37
}