{
    "id": 579,
    "name": "#167",
    "description": null,
    "collection_name": "Bored Ape Yacht Club",
    "collection_description": "The Bored Ape Yacht Club is a collection of 10,000 unique Bored Ape NFTs unique digital collectibles living on the Ethereum blockchain. Your Bored Ape doubles as your Yacht Club membership card, and grants access to members-only benefits, the first of which is access to THE BATHROOM, a collaborative graffiti board. Future areas and perks can be unlocked by the community through roadmap activation. Visit www.BoredApeYachtClub.com for more details.",
    "transaction_time": "2021-09-02T19:48:12",
    "eth_price": "41111000000000000000",
    "eth_price_decimal": 18,
    "usd_price": 3790.99,
    "usd_volume": 24387397330.0,
    "usd_marketcap": 444924932307.0,
    "media_filenames": [
        "00579.jpg"
    ],
    "has_audio_in_video": false,
    "price_class": 8,
    "price_bin_3_class": 2,
    "price_bin_20_class": 17,
    "price_bin_100_class": 88
}