{
    "id": 817,
    "name": "#448",
    "description": null,
    "collection_name": "Bored Ape Yacht Club",
    "collection_description": "The Bored Ape Yacht Club is a collection of 10,000 unique Bored Ape NFTs unique digital collectibles living on the Ethereum blockchain. Your Bored Ape doubles as your Yacht Club membership card, and grants access to members-only benefits, the first of which is access to THE BATHROOM, a collaborative graffiti board. Future areas and perks can be unlocked by the community through roadmap activation. Visit www.BoredApeYachtClub.com for more details.",
    "transaction_time": "2021-08-02T09:54:44",
    "eth_price": "9800000000000000000",
    "eth_price_decimal": 18,
    "usd_price": 2610.15,
    "usd_volume": 22162754104.0,
    "usd_marketcap": 305247273085.0,
    "media_filenames": [
        "00817.jpg"
    ],
    "has_audio_in_video": false,
    "price_class": 7,
    "price_bin_3_class": 2,
    "price_bin_20_class": 14,
    "price_bin_100_class": 70
}