{
    "id": 1052,
    "name": "#754",
    "description": null,
    "collection_name": "Bored Ape Yacht Club",
    "collection_description": "The Bored Ape Yacht Club is a collection of 10,000 unique Bored Ape NFTs unique digital collectibles living on the Ethereum blockchain. Your Bored Ape doubles as your Yacht Club membership card, and grants access to members-only benefits, the first of which is access to THE BATHROOM, a collaborative graffiti board. Future areas and perks can be unlocked by the community through roadmap activation. Visit www.BoredApeYachtClub.com for more details.",
    "transaction_time": "2021-06-14T04:24:39",
    "eth_price": "1880000000000000000",
    "eth_price_decimal": 18,
    "usd_price": 2537.891158,
    "usd_volume": 26964576331.0,
    "usd_marketcap": 295113000000.0,
    "media_filenames": [
        "01052.jpg"
    ],
    "has_audio_in_video": false,
    "price_class": 5,
    "price_bin_3_class": 1,
    "price_bin_20_class": 10,
    "price_bin_100_class": 52
}