{
    "id": 1117,
    "name": "CryptoPunk #1027",
    "description": null,
    "collection_name": "CryptoPunks",
    "collection_description": "CryptoPunks launched as a fixed set of 10,000 items in mid-2017 and became one of the inspirations for the ERC-721 standard. They have been featured in places like The New York Times, Christies of London, Art|Basel Miami, and The PBS NewsHour.",
    "transaction_time": "2021-08-28T11:21:43",
    "eth_price": "289990000000000000000",
    "eth_price_decimal": 18,
    "usd_price": 3244.4,
    "usd_volume": 13709633698.0,
    "usd_marketcap": 380556000846.0,
    "media_filenames": [
        "01117.jpg"
    ],
    "has_audio_in_video": false,
    "price_class": 9,
    "price_bin_3_class": 2,
    "price_bin_20_class": 19,
    "price_bin_100_class": 99
}