{
    "id": 1151,
    "name": "CryptoPunk #1111",
    "description": null,
    "collection_name": "CryptoPunks",
    "collection_description": "CryptoPunks launched as a fixed set of 10,000 items in mid-2017 and became one of the inspirations for the ERC-721 standard. They have been featured in places like The New York Times, Christies of London, Art|Basel Miami, and The PBS NewsHour.",
    "transaction_time": "2020-09-03T17:33:17",
    "eth_price": "1111000000000000000",
    "eth_price_decimal": 18,
    "usd_price": 385.6719284,
    "usd_volume": 19622845896.0,
    "usd_marketcap": 43370721326.0,
    "media_filenames": [
        "01151.jpg"
    ],
    "has_audio_in_video": false,
    "price_class": 3,
    "price_bin_3_class": 0,
    "price_bin_20_class": 6,
    "price_bin_100_class": 31
}