{
    "id": 1169,
    "name": "CryptoPunk #1160",
    "description": null,
    "collection_name": "CryptoPunks",
    "collection_description": "CryptoPunks launched as a fixed set of 10,000 items in mid-2017 and became one of the inspirations for the ERC-721 standard. They have been featured in places like The New York Times, Christies of London, Art|Basel Miami, and The PBS NewsHour.",
    "transaction_time": "2021-01-08T06:59:54",
    "eth_price": "6270000000000000000",
    "eth_price_decimal": 18,
    "usd_price": 1224.1971449999999,
    "usd_volume": 44334826666.0,
    "usd_marketcap": 139769000000.0,
    "media_filenames": [
        "01169.jpg"
    ],
    "has_audio_in_video": false,
    "price_class": 5,
    "price_bin_3_class": 1,
    "price_bin_20_class": 11,
    "price_bin_100_class": 59
}