{
    "id": 1170,
    "name": "CryptoPunk #1161",
    "description": null,
    "collection_name": "CryptoPunks",
    "collection_description": "CryptoPunks launched as a fixed set of 10,000 items in mid-2017 and became one of the inspirations for the ERC-721 standard. They have been featured in places like The New York Times, Christies of London, Art|Basel Miami, and The PBS NewsHour.",
    "transaction_time": "2021-04-07T17:04:03",
    "eth_price": "16249000000000000000",
    "eth_price_decimal": 18,
    "usd_price": 1971.0772550000002,
    "usd_volume": 36116271935.0,
    "usd_marketcap": 227415000000.0,
    "media_filenames": [
        "01170.jpg"
    ],
    "has_audio_in_video": false,
    "price_class": 7,
    "price_bin_3_class": 2,
    "price_bin_20_class": 14,
    "price_bin_100_class": 72
}