{
    "id": 1173,
    "name": "CryptoPunk #1164",
    "description": null,
    "collection_name": "CryptoPunks",
    "collection_description": "CryptoPunks launched as a fixed set of 10,000 items in mid-2017 and became one of the inspirations for the ERC-721 standard. They have been featured in places like The New York Times, Christies of London, Art|Basel Miami, and The PBS NewsHour.",
    "transaction_time": "2017-07-12T01:32:15",
    "eth_price": "500000000000000000",
    "eth_price_decimal": 18,
    "usd_price": 230.77400209999996,
    "usd_volume": 1241190016.0,
    "usd_marketcap": 21517152174.0,
    "media_filenames": [
        "01173.jpg"
    ],
    "has_audio_in_video": false,
    "price_class": 1,
    "price_bin_3_class": 0,
    "price_bin_20_class": 2,
    "price_bin_100_class": 12
}