{
    "id": 1257,
    "name": "CryptoPunk #1331",
    "description": null,
    "collection_name": "CryptoPunks",
    "collection_description": "CryptoPunks launched as a fixed set of 10,000 items in mid-2017 and became one of the inspirations for the ERC-721 standard. They have been featured in places like The New York Times, Christies of London, Art|Basel Miami, and The PBS NewsHour.",
    "transaction_time": "2017-07-04T12:15:43",
    "eth_price": "250000000000000000",
    "eth_price_decimal": 18,
    "usd_price": 273.303009,
    "usd_volume": 687691008.0,
    "usd_marketcap": 25425860777.0,
    "media_filenames": [
        "01257.jpg"
    ],
    "has_audio_in_video": false,
    "price_class": 0,
    "price_bin_3_class": 0,
    "price_bin_20_class": 1,
    "price_bin_100_class": 7
}