{
    "id": 1279,
    "name": "CryptoPunk #1379",
    "description": null,
    "collection_name": "CryptoPunks",
    "collection_description": "CryptoPunks launched as a fixed set of 10,000 items in mid-2017 and became one of the inspirations for the ERC-721 standard. They have been featured in places like The New York Times, Christies of London, Art|Basel Miami, and The PBS NewsHour.",
    "transaction_time": "2021-09-14T03:05:48",
    "eth_price": "96000000000000000000",
    "eth_price_decimal": 18,
    "usd_price": 3429.17,
    "usd_volume": 19125420848.0,
    "usd_marketcap": 403015177032.0,
    "media_filenames": [
        "01279.jpg"
    ],
    "has_audio_in_video": false,
    "price_class": 9,
    "price_bin_3_class": 2,
    "price_bin_20_class": 18,
    "price_bin_100_class": 93
}