{
    "id": 1323,
    "name": "CryptoPunk #1447",
    "description": null,
    "collection_name": "CryptoPunks",
    "collection_description": "CryptoPunks launched as a fixed set of 10,000 items in mid-2017 and became one of the inspirations for the ERC-721 standard. They have been featured in places like The New York Times, Christies of London, Art|Basel Miami, and The PBS NewsHour.",
    "transaction_time": "2021-05-26T22:40:11",
    "eth_price": "51000000000000000000",
    "eth_price_decimal": 18,
    "usd_price": 2888.698681,
    "usd_volume": 42499766020.0,
    "usd_marketcap": 335196000000.0,
    "media_filenames": [
        "01323.jpg"
    ],
    "has_audio_in_video": false,
    "price_class": 8,
    "price_bin_3_class": 2,
    "price_bin_20_class": 17,
    "price_bin_100_class": 88
}