{
    "id": 1321,
    "name": "CryptoPunk #1445",
    "description": null,
    "collection_name": "CryptoPunks",
    "collection_description": "CryptoPunks launched as a fixed set of 10,000 items in mid-2017 and became one of the inspirations for the ERC-721 standard. They have been featured in places like The New York Times, Christies of London, Art|Basel Miami, and The PBS NewsHour.",
    "transaction_time": "2021-04-16T19:03:05",
    "eth_price": "24970000000000000000",
    "eth_price_decimal": 18,
    "usd_price": 2431.946504,
    "usd_volume": 36196928256.0,
    "usd_marketcap": 280884000000.0,
    "media_filenames": [
        "01321.jpg"
    ],
    "has_audio_in_video": false,
    "price_class": 8,
    "price_bin_3_class": 2,
    "price_bin_20_class": 16,
    "price_bin_100_class": 80
}