{
    "id": 1335,
    "name": "CryptoPunk #1467",
    "description": null,
    "collection_name": "CryptoPunks",
    "collection_description": "CryptoPunks launched as a fixed set of 10,000 items in mid-2017 and became one of the inspirations for the ERC-721 standard. They have been featured in places like The New York Times, Christies of London, Art|Basel Miami, and The PBS NewsHour.",
    "transaction_time": "2021-06-29T12:54:21",
    "eth_price": "17500000000000000000",
    "eth_price_decimal": 18,
    "usd_price": 2160.768352,
    "usd_volume": 24815124419.0,
    "usd_marketcap": 251716000000.0,
    "media_filenames": [
        "01335.jpg"
    ],
    "has_audio_in_video": false,
    "price_class": 7,
    "price_bin_3_class": 2,
    "price_bin_20_class": 14,
    "price_bin_100_class": 73
}