{
    "id": 1404,
    "name": "CryptoPunk #1581",
    "description": null,
    "collection_name": "CryptoPunks",
    "collection_description": "CryptoPunks launched as a fixed set of 10,000 items in mid-2017 and became one of the inspirations for the ERC-721 standard. They have been featured in places like The New York Times, Christies of London, Art|Basel Miami, and The PBS NewsHour.",
    "transaction_time": "2020-05-17T00:11:24",
    "eth_price": "760000000000000000",
    "eth_price_decimal": 18,
    "usd_price": 207.1586943,
    "usd_volume": 15470397303.0,
    "usd_marketcap": 22988575488.0,
    "media_filenames": [
        "01404.jpg"
    ],
    "has_audio_in_video": false,
    "price_class": 1,
    "price_bin_3_class": 0,
    "price_bin_20_class": 3,
    "price_bin_100_class": 16
}