{
    "id": 1482,
    "name": "CryptoPunk #1711",
    "description": null,
    "collection_name": "CryptoPunks",
    "collection_description": "CryptoPunks launched as a fixed set of 10,000 items in mid-2017 and became one of the inspirations for the ERC-721 standard. They have been featured in places like The New York Times, Christies of London, Art|Basel Miami, and The PBS NewsHour.",
    "transaction_time": "2021-09-04T22:59:23",
    "eth_price": "104990000000000000000",
    "eth_price_decimal": 18,
    "usd_price": 3887.83,
    "usd_volume": 20806963328.0,
    "usd_marketcap": 456394981337.0,
    "media_filenames": [
        "01482.jpg"
    ],
    "has_audio_in_video": false,
    "price_class": 9,
    "price_bin_3_class": 2,
    "price_bin_20_class": 19,
    "price_bin_100_class": 95
}