{
    "id": 1538,
    "name": "CryptoPunk #1804",
    "description": null,
    "collection_name": "CryptoPunks",
    "collection_description": "CryptoPunks launched as a fixed set of 10,000 items in mid-2017 and became one of the inspirations for the ERC-721 standard. They have been featured in places like The New York Times, Christies of London, Art|Basel Miami, and The PBS NewsHour.",
    "transaction_time": "2021-07-30T23:16:40",
    "eth_price": "25750000000000000000",
    "eth_price_decimal": 18,
    "usd_price": 2466.96,
    "usd_volume": 20212848934.0,
    "usd_marketcap": 288404129264.0,
    "media_filenames": [
        "01538.jpg"
    ],
    "has_audio_in_video": false,
    "price_class": 8,
    "price_bin_3_class": 2,
    "price_bin_20_class": 16,
    "price_bin_100_class": 81
}