{
    "id": 1565,
    "name": "CryptoPunk #1851",
    "description": null,
    "collection_name": "CryptoPunks",
    "collection_description": "CryptoPunks launched as a fixed set of 10,000 items in mid-2017 and became one of the inspirations for the ERC-721 standard. They have been featured in places like The New York Times, Christies of London, Art|Basel Miami, and The PBS NewsHour.",
    "transaction_time": "2018-01-26T10:06:14",
    "eth_price": "140000000000000000",
    "eth_price_decimal": 18,
    "usd_price": 1055.170044,
    "usd_volume": 3617690112.0,
    "usd_marketcap": 102595000000.0,
    "media_filenames": [
        "01565.jpg"
    ],
    "has_audio_in_video": false,
    "price_class": 1,
    "price_bin_3_class": 0,
    "price_bin_20_class": 3,
    "price_bin_100_class": 15
}