{
    "id": 1574,
    "name": "CryptoPunk #1862",
    "description": null,
    "collection_name": "CryptoPunks",
    "collection_description": "CryptoPunks launched as a fixed set of 10,000 items in mid-2017 and became one of the inspirations for the ERC-721 standard. They have been featured in places like The New York Times, Christies of London, Art|Basel Miami, and The PBS NewsHour.",
    "transaction_time": "2021-08-23T12:21:04",
    "eth_price": "72500000000000000000",
    "eth_price_decimal": 18,
    "usd_price": 3319.26,
    "usd_volume": 20511110509.0,
    "usd_marketcap": 389112198985.0,
    "media_filenames": [
        "01574.jpg"
    ],
    "has_audio_in_video": false,
    "price_class": 9,
    "price_bin_3_class": 2,
    "price_bin_20_class": 18,
    "price_bin_100_class": 91
}