{
    "id": 1582,
    "name": "CryptoPunk #1875",
    "description": null,
    "collection_name": "CryptoPunks",
    "collection_description": "CryptoPunks launched as a fixed set of 10,000 items in mid-2017 and became one of the inspirations for the ERC-721 standard. They have been featured in places like The New York Times, Christies of London, Art|Basel Miami, and The PBS NewsHour.",
    "transaction_time": "2020-01-06T21:22:46",
    "eth_price": "1250000000000000000",
    "eth_price_decimal": 18,
    "usd_price": 144.30415369999997,
    "usd_volume": 9093747121.0,
    "usd_marketcap": 15753803340.0,
    "media_filenames": [
        "01582.jpg"
    ],
    "has_audio_in_video": false,
    "price_class": 2,
    "price_bin_3_class": 0,
    "price_bin_20_class": 4,
    "price_bin_100_class": 20
}