{
    "id": 1596,
    "name": "CryptoPunk #1897",
    "description": null,
    "collection_name": "CryptoPunks",
    "collection_description": "CryptoPunks launched as a fixed set of 10,000 items in mid-2017 and became one of the inspirations for the ERC-721 standard. They have been featured in places like The New York Times, Christies of London, Art|Basel Miami, and The PBS NewsHour.",
    "transaction_time": "2018-02-26T23:24:04",
    "eth_price": "150000000000000000",
    "eth_price_decimal": 18,
    "usd_price": 869.3150024,
    "usd_volume": 2044480000.0,
    "usd_marketcap": 85074973200.0,
    "media_filenames": [
        "01596.jpg"
    ],
    "has_audio_in_video": false,
    "price_class": 1,
    "price_bin_3_class": 0,
    "price_bin_20_class": 2,
    "price_bin_100_class": 14
}