{
    "id": 1681,
    "name": "CryptoPunk #2045",
    "description": null,
    "collection_name": "CryptoPunks",
    "collection_description": "CryptoPunks launched as a fixed set of 10,000 items in mid-2017 and became one of the inspirations for the ERC-721 standard. They have been featured in places like The New York Times, Christies of London, Art|Basel Miami, and The PBS NewsHour.",
    "transaction_time": "2019-06-19T23:25:05",
    "eth_price": "600000000000000000",
    "eth_price_decimal": 18,
    "usd_price": 269.4317979,
    "usd_volume": 5516510947.0,
    "usd_marketcap": 28710780975.0,
    "media_filenames": [
        "01681.jpg"
    ],
    "has_audio_in_video": false,
    "price_class": 1,
    "price_bin_3_class": 0,
    "price_bin_20_class": 3,
    "price_bin_100_class": 16
}