{
    "id": 1818,
    "name": "CryptoPunk #2264",
    "description": null,
    "collection_name": "CryptoPunks",
    "collection_description": "CryptoPunks launched as a fixed set of 10,000 items in mid-2017 and became one of the inspirations for the ERC-721 standard. They have been featured in places like The New York Times, Christies of London, Art|Basel Miami, and The PBS NewsHour.",
    "transaction_time": "2021-04-08T19:56:51",
    "eth_price": "38000000000000000000",
    "eth_price_decimal": 18,
    "usd_price": 2088.573651,
    "usd_volume": 25312956529.0,
    "usd_marketcap": 241000000000.0,
    "media_filenames": [
        "01818.jpg"
    ],
    "has_audio_in_video": false,
    "price_class": 8,
    "price_bin_3_class": 2,
    "price_bin_20_class": 16,
    "price_bin_100_class": 83
}