{
    "id": 1840,
    "name": "CryptoPunk #2301",
    "description": null,
    "collection_name": "CryptoPunks",
    "collection_description": "CryptoPunks launched as a fixed set of 10,000 items in mid-2017 and became one of the inspirations for the ERC-721 standard. They have been featured in places like The New York Times, Christies of London, Art|Basel Miami, and The PBS NewsHour.",
    "transaction_time": "2020-06-27T23:25:21",
    "eth_price": "5000000000000000000",
    "eth_price_decimal": 18,
    "usd_price": 222.9597859,
    "usd_volume": 6918380955.0,
    "usd_marketcap": 24866429445.0,
    "media_filenames": [
        "01840.jpg"
    ],
    "has_audio_in_video": false,
    "price_class": 3,
    "price_bin_3_class": 1,
    "price_bin_20_class": 7,
    "price_bin_100_class": 35
}