{
    "id": 1899,
    "name": "CryptoPunk #2386",
    "description": null,
    "collection_name": "CryptoPunks",
    "collection_description": "CryptoPunks launched as a fixed set of 10,000 items in mid-2017 and became one of the inspirations for the ERC-721 standard. They have been featured in places like The New York Times, Christies of London, Art|Basel Miami, and The PBS NewsHour.",
    "transaction_time": "2020-05-21T17:17:02",
    "eth_price": "77000000000000000000",
    "eth_price_decimal": 18,
    "usd_price": 199.88360559999998,
    "usd_volume": 13308321229.0,
    "usd_marketcap": 22192109650.0,
    "media_filenames": [
        "01899.jpg"
    ],
    "has_audio_in_video": false,
    "price_class": 6,
    "price_bin_3_class": 2,
    "price_bin_20_class": 13,
    "price_bin_100_class": 67
}