{
    "id": 1907,
    "name": "CryptoPunk #2394",
    "description": null,
    "collection_name": "CryptoPunks",
    "collection_description": "CryptoPunks launched as a fixed set of 10,000 items in mid-2017 and became one of the inspirations for the ERC-721 standard. They have been featured in places like The New York Times, Christies of London, Art|Basel Miami, and The PBS NewsHour.",
    "transaction_time": "2021-02-21T18:37:51",
    "eth_price": "47000000000000000000",
    "eth_price_decimal": 18,
    "usd_price": 1935.6010600000002,
    "usd_volume": 23626547717.0,
    "usd_marketcap": 222144000000.0,
    "media_filenames": [
        "01907.jpg"
    ],
    "has_audio_in_video": false,
    "price_class": 8,
    "price_bin_3_class": 2,
    "price_bin_20_class": 16,
    "price_bin_100_class": 84
}