{
    "id": 1968,
    "name": "CryptoPunk #2478",
    "description": null,
    "collection_name": "CryptoPunks",
    "collection_description": "CryptoPunks launched as a fixed set of 10,000 items in mid-2017 and became one of the inspirations for the ERC-721 standard. They have been featured in places like The New York Times, Christies of London, Art|Basel Miami, and The PBS NewsHour.",
    "transaction_time": "2019-03-25T16:04:09",
    "eth_price": "2500000000000000000",
    "eth_price_decimal": 18,
    "usd_price": 135.0310275,
    "usd_volume": 4480516753.0,
    "usd_marketcap": 14230733149.0,
    "media_filenames": [
        "01968.jpg"
    ],
    "has_audio_in_video": false,
    "price_class": 2,
    "price_bin_3_class": 0,
    "price_bin_20_class": 5,
    "price_bin_100_class": 28
}