{
    "id": 1963,
    "name": "CryptoPunk #2473",
    "description": null,
    "collection_name": "CryptoPunks",
    "collection_description": "CryptoPunks launched as a fixed set of 10,000 items in mid-2017 and became one of the inspirations for the ERC-721 standard. They have been featured in places like The New York Times, Christies of London, Art|Basel Miami, and The PBS NewsHour.",
    "transaction_time": "2021-11-02T17:32:09",
    "eth_price": "144950000000000000000",
    "eth_price_decimal": 18,
    "usd_price": 4584.8,
    "usd_volume": 20794448222.0,
    "usd_marketcap": 541846540463.0,
    "media_filenames": [
        "01963.jpg"
    ],
    "has_audio_in_video": false,
    "price_class": 9,
    "price_bin_3_class": 2,
    "price_bin_20_class": 19,
    "price_bin_100_class": 99
}