{
    "id": 2022,
    "name": "CryptoPunk #2560",
    "description": null,
    "collection_name": "CryptoPunks",
    "collection_description": "CryptoPunks launched as a fixed set of 10,000 items in mid-2017 and became one of the inspirations for the ERC-721 standard. They have been featured in places like The New York Times, Christies of London, Art|Basel Miami, and The PBS NewsHour.",
    "transaction_time": "2018-04-20T14:18:23",
    "eth_price": "1600000000000000000",
    "eth_price_decimal": 18,
    "usd_price": 615.7180176,
    "usd_volume": 2849469952.0,
    "usd_marketcap": 60922818296.0,
    "media_filenames": [
        "02022.jpg"
    ],
    "has_audio_in_video": false,
    "price_class": 3,
    "price_bin_3_class": 1,
    "price_bin_20_class": 7,
    "price_bin_100_class": 35
}