{
    "id": 2057,
    "name": "CryptoPunk #2603",
    "description": null,
    "collection_name": "CryptoPunks",
    "collection_description": "CryptoPunks launched as a fixed set of 10,000 items in mid-2017 and became one of the inspirations for the ERC-721 standard. They have been featured in places like The New York Times, Christies of London, Art|Basel Miami, and The PBS NewsHour.",
    "transaction_time": "2020-05-16T01:12:27",
    "eth_price": "740000000000000000",
    "eth_price_decimal": 18,
    "usd_price": 200.6771186,
    "usd_volume": 15379081645.0,
    "usd_marketcap": 22266558227.0,
    "media_filenames": [
        "02057.jpg"
    ],
    "has_audio_in_video": false,
    "price_class": 1,
    "price_bin_3_class": 0,
    "price_bin_20_class": 3,
    "price_bin_100_class": 15
}