{
    "id": 2173,
    "name": "CryptoPunk #2781",
    "description": null,
    "collection_name": "CryptoPunks",
    "collection_description": "CryptoPunks launched as a fixed set of 10,000 items in mid-2017 and became one of the inspirations for the ERC-721 standard. They have been featured in places like The New York Times, Christies of London, Art|Basel Miami, and The PBS NewsHour.",
    "transaction_time": "2021-03-13T19:36:51",
    "eth_price": "100000000000000000000",
    "eth_price_decimal": 18,
    "usd_price": 1924.6854399999997,
    "usd_volume": 25014689475.0,
    "usd_marketcap": 221412000000.0,
    "media_filenames": [
        "02173.jpg"
    ],
    "has_audio_in_video": false,
    "price_class": 9,
    "price_bin_3_class": 2,
    "price_bin_20_class": 18,
    "price_bin_100_class": 90
}