{
    "id": 2203,
    "name": "CryptoPunk #2831",
    "description": null,
    "collection_name": "CryptoPunks",
    "collection_description": "CryptoPunks launched as a fixed set of 10,000 items in mid-2017 and became one of the inspirations for the ERC-721 standard. They have been featured in places like The New York Times, Christies of London, Art|Basel Miami, and The PBS NewsHour.",
    "transaction_time": "2020-10-21T06:42:39",
    "eth_price": "7000000000000000000",
    "eth_price_decimal": 18,
    "usd_price": 392.18996699999997,
    "usd_volume": 20241324322.0,
    "usd_marketcap": 44354670582.0,
    "media_filenames": [
        "02203.jpg"
    ],
    "has_audio_in_video": false,
    "price_class": 4,
    "price_bin_3_class": 1,
    "price_bin_20_class": 8,
    "price_bin_100_class": 42
}