{
    "id": 2230,
    "name": "CryptoPunk #2865",
    "description": null,
    "collection_name": "CryptoPunks",
    "collection_description": "CryptoPunks launched as a fixed set of 10,000 items in mid-2017 and became one of the inspirations for the ERC-721 standard. They have been featured in places like The New York Times, Christies of London, Art|Basel Miami, and The PBS NewsHour.",
    "transaction_time": "2018-12-16T04:08:10",
    "eth_price": "300000000000000000",
    "eth_price_decimal": 18,
    "usd_price": 85.26209693,
    "usd_volume": 1565817037.0,
    "usd_marketcap": 8853567311.0,
    "media_filenames": [
        "02230.jpg"
    ],
    "has_audio_in_video": false,
    "price_class": 0,
    "price_bin_3_class": 0,
    "price_bin_20_class": 0,
    "price_bin_100_class": 2
}