{
    "id": 2359,
    "name": "CryptoPunk #3037",
    "description": null,
    "collection_name": "CryptoPunks",
    "collection_description": "CryptoPunks launched as a fixed set of 10,000 items in mid-2017 and became one of the inspirations for the ERC-721 standard. They have been featured in places like The New York Times, Christies of London, Art|Basel Miami, and The PBS NewsHour.",
    "transaction_time": "2017-12-14T08:07:55",
    "eth_price": "120000000000000000",
    "eth_price_decimal": 18,
    "usd_price": 695.815979,
    "usd_volume": 3821580032.0,
    "usd_marketcap": 67036917107.0,
    "media_filenames": [
        "02359.jpg"
    ],
    "has_audio_in_video": false,
    "price_class": 0,
    "price_bin_3_class": 0,
    "price_bin_20_class": 1,
    "price_bin_100_class": 8
}