{
    "id": 2377,
    "name": "CryptoPunk #3062",
    "description": null,
    "collection_name": "CryptoPunks",
    "collection_description": "CryptoPunks launched as a fixed set of 10,000 items in mid-2017 and became one of the inspirations for the ERC-721 standard. They have been featured in places like The New York Times, Christies of London, Art|Basel Miami, and The PBS NewsHour.",
    "transaction_time": "2018-02-02T11:42:41",
    "eth_price": "50000000000000000",
    "eth_price_decimal": 18,
    "usd_price": 915.7849731000001,
    "usd_volume": 6713290240.0,
    "usd_marketcap": 89173962074.0,
    "media_filenames": [
        "02377.jpg"
    ],
    "has_audio_in_video": false,
    "price_class": 0,
    "price_bin_3_class": 0,
    "price_bin_20_class": 1,
    "price_bin_100_class": 5
}