{
    "id": 2429,
    "name": "CryptoPunk #3141",
    "description": null,
    "collection_name": "CryptoPunks",
    "collection_description": "CryptoPunks launched as a fixed set of 10,000 items in mid-2017 and became one of the inspirations for the ERC-721 standard. They have been featured in places like The New York Times, Christies of London, Art|Basel Miami, and The PBS NewsHour.",
    "transaction_time": "2020-09-21T23:49:47",
    "eth_price": "3141592653589793300",
    "eth_price_decimal": 18,
    "usd_price": 341.78607410000006,
    "usd_volume": 17398267133.0,
    "usd_marketcap": 38519366615.0,
    "media_filenames": [
        "02429.jpg"
    ],
    "has_audio_in_video": false,
    "price_class": 3,
    "price_bin_3_class": 1,
    "price_bin_20_class": 7,
    "price_bin_100_class": 35
}