{
    "id": 2445,
    "name": "CryptoPunk #3165",
    "description": null,
    "collection_name": "CryptoPunks",
    "collection_description": "CryptoPunks launched as a fixed set of 10,000 items in mid-2017 and became one of the inspirations for the ERC-721 standard. They have been featured in places like The New York Times, Christies of London, Art|Basel Miami, and The PBS NewsHour.",
    "transaction_time": "2019-03-28T20:06:14",
    "eth_price": "1000000000000000000",
    "eth_price_decimal": 18,
    "usd_price": 139.41647759999998,
    "usd_volume": 4163212475.0,
    "usd_marketcap": 14698609599.0,
    "media_filenames": [
        "02445.jpg"
    ],
    "has_audio_in_video": false,
    "price_class": 1,
    "price_bin_3_class": 0,
    "price_bin_20_class": 2,
    "price_bin_100_class": 14
}