{
    "id": 2670,
    "name": "CryptoPunk #3452",
    "description": null,
    "collection_name": "CryptoPunks",
    "collection_description": "CryptoPunks launched as a fixed set of 10,000 items in mid-2017 and became one of the inspirations for the ERC-721 standard. They have been featured in places like The New York Times, Christies of London, Art|Basel Miami, and The PBS NewsHour.",
    "transaction_time": "2019-07-07T01:36:26",
    "eth_price": "499800000000000000",
    "eth_price_decimal": 18,
    "usd_price": 305.7005597,
    "usd_volume": 8119724981.0,
    "usd_marketcap": 32650611906.0,
    "media_filenames": [
        "02670.jpg"
    ],
    "has_audio_in_video": false,
    "price_class": 1,
    "price_bin_3_class": 0,
    "price_bin_20_class": 3,
    "price_bin_100_class": 16
}