{
    "id": 2731,
    "name": "CryptoPunk #3534",
    "description": null,
    "collection_name": "CryptoPunks",
    "collection_description": "CryptoPunks launched as a fixed set of 10,000 items in mid-2017 and became one of the inspirations for the ERC-721 standard. They have been featured in places like The New York Times, Christies of London, Art|Basel Miami, and The PBS NewsHour.",
    "transaction_time": "2021-07-14T03:57:26",
    "eth_price": "24999999999990000000",
    "eth_price_decimal": 18,
    "usd_price": 1994.33,
    "usd_volume": 17342819679.0,
    "usd_marketcap": 232727182406.0,
    "media_filenames": [
        "02731.jpg"
    ],
    "has_audio_in_video": false,
    "price_class": 7,
    "price_bin_3_class": 2,
    "price_bin_20_class": 15,
    "price_bin_100_class": 78
}