{
    "id": 2784,
    "name": "CryptoPunk #3608",
    "description": null,
    "collection_name": "CryptoPunks",
    "collection_description": "CryptoPunks launched as a fixed set of 10,000 items in mid-2017 and became one of the inspirations for the ERC-721 standard. They have been featured in places like The New York Times, Christies of London, Art|Basel Miami, and The PBS NewsHour.",
    "transaction_time": "2020-05-31T19:15:53",
    "eth_price": "1250000000000000000",
    "eth_price_decimal": 18,
    "usd_price": 230.97570090000002,
    "usd_volume": 12234904813.0,
    "usd_marketcap": 25675542329.0,
    "media_filenames": [
        "02784.jpg"
    ],
    "has_audio_in_video": false,
    "price_class": 2,
    "price_bin_3_class": 0,
    "price_bin_20_class": 5,
    "price_bin_100_class": 25
}