{
    "id": 2788,
    "name": "CryptoPunk #3613",
    "description": null,
    "collection_name": "CryptoPunks",
    "collection_description": "CryptoPunks launched as a fixed set of 10,000 items in mid-2017 and became one of the inspirations for the ERC-721 standard. They have been featured in places like The New York Times, Christies of London, Art|Basel Miami, and The PBS NewsHour.",
    "transaction_time": "2021-01-26T13:11:56",
    "eth_price": "7500000000000000000",
    "eth_price_decimal": 18,
    "usd_price": 1357.05814,
    "usd_volume": 41572917750.0,
    "usd_marketcap": 155269000000.0,
    "media_filenames": [
        "02788.jpg"
    ],
    "has_audio_in_video": false,
    "price_class": 6,
    "price_bin_3_class": 1,
    "price_bin_20_class": 12,
    "price_bin_100_class": 63
}