{
    "id": 2812,
    "name": "CryptoPunk #3645",
    "description": null,
    "collection_name": "CryptoPunks",
    "collection_description": "CryptoPunks launched as a fixed set of 10,000 items in mid-2017 and became one of the inspirations for the ERC-721 standard. They have been featured in places like The New York Times, Christies of London, Art|Basel Miami, and The PBS NewsHour.",
    "transaction_time": "2021-08-06T06:30:24",
    "eth_price": "84840000000000000000",
    "eth_price_decimal": 18,
    "usd_price": 2890.94,
    "usd_volume": 26528577879.0,
    "usd_marketcap": 338237757600.0,
    "media_filenames": [
        "02812.jpg"
    ],
    "has_audio_in_video": false,
    "price_class": 9,
    "price_bin_3_class": 2,
    "price_bin_20_class": 18,
    "price_bin_100_class": 91
}