{
    "id": 2845,
    "name": "CryptoPunk #3686",
    "description": null,
    "collection_name": "CryptoPunks",
    "collection_description": "CryptoPunks launched as a fixed set of 10,000 items in mid-2017 and became one of the inspirations for the ERC-721 standard. They have been featured in places like The New York Times, Christies of London, Art|Basel Miami, and The PBS NewsHour.",
    "transaction_time": "2021-07-28T05:22:01",
    "eth_price": "50000000000000000000",
    "eth_price_decimal": 18,
    "usd_price": 2296.55,
    "usd_volume": 18991302378.0,
    "usd_marketcap": 268421055914.0,
    "media_filenames": [
        "02845.jpg"
    ],
    "has_audio_in_video": false,
    "price_class": 8,
    "price_bin_3_class": 2,
    "price_bin_20_class": 17,
    "price_bin_100_class": 86
}