{
    "id": 2914,
    "name": "CryptoPunk #3787",
    "description": null,
    "collection_name": "CryptoPunks",
    "collection_description": "CryptoPunks launched as a fixed set of 10,000 items in mid-2017 and became one of the inspirations for the ERC-721 standard. They have been featured in places like The New York Times, Christies of London, Art|Basel Miami, and The PBS NewsHour.",
    "transaction_time": "2020-09-24T22:05:15",
    "eth_price": "4250000000000000000",
    "eth_price_decimal": 18,
    "usd_price": 349.35558510000004,
    "usd_volume": 15714304470.0,
    "usd_marketcap": 39384347822.0,
    "media_filenames": [
        "02914.jpg"
    ],
    "has_audio_in_video": false,
    "price_class": 3,
    "price_bin_3_class": 1,
    "price_bin_20_class": 7,
    "price_bin_100_class": 36
}