{
    "id": 2921,
    "name": "CryptoPunk #3796",
    "description": null,
    "collection_name": "CryptoPunks",
    "collection_description": "CryptoPunks launched as a fixed set of 10,000 items in mid-2017 and became one of the inspirations for the ERC-721 standard. They have been featured in places like The New York Times, Christies of London, Art|Basel Miami, and The PBS NewsHour.",
    "transaction_time": "2021-10-30T14:29:36",
    "eth_price": "115000000000000000000",
    "eth_price_decimal": 18,
    "usd_price": 4325.65,
    "usd_volume": 14615490626.0,
    "usd_marketcap": 511045675623.0,
    "media_filenames": [
        "02921.jpg"
    ],
    "has_audio_in_video": false,
    "price_class": 9,
    "price_bin_3_class": 2,
    "price_bin_20_class": 19,
    "price_bin_100_class": 98
}