{
    "id": 2935,
    "name": "CryptoPunk #3816",
    "description": null,
    "collection_name": "CryptoPunks",
    "collection_description": "CryptoPunks launched as a fixed set of 10,000 items in mid-2017 and became one of the inspirations for the ERC-721 standard. They have been featured in places like The New York Times, Christies of London, Art|Basel Miami, and The PBS NewsHour.",
    "transaction_time": "2021-04-09T19:25:15",
    "eth_price": "95000000000000000000",
    "eth_price_decimal": 18,
    "usd_price": 2072.1088760000002,
    "usd_volume": 19812472092.0,
    "usd_marketcap": 239128000000.0,
    "media_filenames": [
        "02935.jpg"
    ],
    "has_audio_in_video": false,
    "price_class": 9,
    "price_bin_3_class": 2,
    "price_bin_20_class": 18,
    "price_bin_100_class": 90
}