{
    "id": 3011,
    "name": "CryptoPunk #3921",
    "description": null,
    "collection_name": "CryptoPunks",
    "collection_description": "CryptoPunks launched as a fixed set of 10,000 items in mid-2017 and became one of the inspirations for the ERC-721 standard. They have been featured in places like The New York Times, Christies of London, Art|Basel Miami, and The PBS NewsHour.",
    "transaction_time": "2021-07-24T19:05:01",
    "eth_price": "27950000000000000000",
    "eth_price_decimal": 18,
    "usd_price": 2189.22,
    "usd_volume": 16057446601.0,
    "usd_marketcap": 255761140995.0,
    "media_filenames": [
        "03011.jpg"
    ],
    "has_audio_in_video": false,
    "price_class": 8,
    "price_bin_3_class": 2,
    "price_bin_20_class": 16,
    "price_bin_100_class": 80
}