{
    "id": 3096,
    "name": "CryptoPunk #4051",
    "description": null,
    "collection_name": "CryptoPunks",
    "collection_description": "CryptoPunks launched as a fixed set of 10,000 items in mid-2017 and became one of the inspirations for the ERC-721 standard. They have been featured in places like The New York Times, Christies of London, Art|Basel Miami, and The PBS NewsHour.",
    "transaction_time": "2021-01-10T22:34:44",
    "eth_price": "5000000000000000000",
    "eth_price_decimal": 18,
    "usd_price": 1262.246664,
    "usd_volume": 40616938053.0,
    "usd_marketcap": 144148000000.0,
    "media_filenames": [
        "03096.jpg"
    ],
    "has_audio_in_video": false,
    "price_class": 5,
    "price_bin_3_class": 1,
    "price_bin_20_class": 11,
    "price_bin_100_class": 56
}