{
    "id": 3136,
    "name": "CryptoPunk #4115",
    "description": null,
    "collection_name": "CryptoPunks",
    "collection_description": "CryptoPunks launched as a fixed set of 10,000 items in mid-2017 and became one of the inspirations for the ERC-721 standard. They have been featured in places like The New York Times, Christies of London, Art|Basel Miami, and The PBS NewsHour.",
    "transaction_time": "2018-03-02T22:44:47",
    "eth_price": "123000192990000000",
    "eth_price_decimal": 18,
    "usd_price": 856.8530273,
    "usd_volume": 1894419968.0,
    "usd_marketcap": 83925690001.0,
    "media_filenames": [
        "03136.jpg"
    ],
    "has_audio_in_video": false,
    "price_class": 1,
    "price_bin_3_class": 0,
    "price_bin_20_class": 2,
    "price_bin_100_class": 11
}