{
    "id": 3134,
    "name": "CryptoPunk #4113",
    "description": null,
    "collection_name": "CryptoPunks",
    "collection_description": "CryptoPunks launched as a fixed set of 10,000 items in mid-2017 and became one of the inspirations for the ERC-721 standard. They have been featured in places like The New York Times, Christies of London, Art|Basel Miami, and The PBS NewsHour.",
    "transaction_time": "2021-06-27T20:07:19",
    "eth_price": "23980000000000000000",
    "eth_price_decimal": 18,
    "usd_price": 1978.8946620000002,
    "usd_volume": 19885474742.0,
    "usd_marketcap": 230474000000.0,
    "media_filenames": [
        "03134.jpg"
    ],
    "has_audio_in_video": false,
    "price_class": 7,
    "price_bin_3_class": 2,
    "price_bin_20_class": 15,
    "price_bin_100_class": 77
}