{
    "id": 3137,
    "name": "CryptoPunk #4116",
    "description": null,
    "collection_name": "CryptoPunks",
    "collection_description": "CryptoPunks launched as a fixed set of 10,000 items in mid-2017 and became one of the inspirations for the ERC-721 standard. They have been featured in places like The New York Times, Christies of London, Art|Basel Miami, and The PBS NewsHour.",
    "transaction_time": "2021-07-18T02:21:08",
    "eth_price": "22500000000000000000",
    "eth_price_decimal": 18,
    "usd_price": 1895.55,
    "usd_volume": 13791868728.0,
    "usd_marketcap": 221300983041.0,
    "media_filenames": [
        "03137.jpg"
    ],
    "has_audio_in_video": false,
    "price_class": 7,
    "price_bin_3_class": 2,
    "price_bin_20_class": 15,
    "price_bin_100_class": 75
}