{
    "id": 3168,
    "name": "CryptoPunk #4155",
    "description": null,
    "collection_name": "CryptoPunks",
    "collection_description": "CryptoPunks launched as a fixed set of 10,000 items in mid-2017 and became one of the inspirations for the ERC-721 standard. They have been featured in places like The New York Times, Christies of London, Art|Basel Miami, and The PBS NewsHour.",
    "transaction_time": "2020-08-23T00:09:04",
    "eth_price": "850000000000000000",
    "eth_price_decimal": 18,
    "usd_price": 391.3844998,
    "usd_volume": 8137303970.0,
    "usd_marketcap": 43954518396.0,
    "media_filenames": [
        "03168.jpg"
    ],
    "has_audio_in_video": false,
    "price_class": 2,
    "price_bin_3_class": 0,
    "price_bin_20_class": 5,
    "price_bin_100_class": 28
}