{
    "id": 3188,
    "name": "CryptoPunk #4179",
    "description": null,
    "collection_name": "CryptoPunks",
    "collection_description": "CryptoPunks launched as a fixed set of 10,000 items in mid-2017 and became one of the inspirations for the ERC-721 standard. They have been featured in places like The New York Times, Christies of London, Art|Basel Miami, and The PBS NewsHour.",
    "transaction_time": "2019-05-30T21:00:39",
    "eth_price": "450000000000000000",
    "eth_price_decimal": 18,
    "usd_price": 255.8589485,
    "usd_volume": 13604268584.0,
    "usd_marketcap": 27194892741.0,
    "media_filenames": [
        "03188.jpg"
    ],
    "has_audio_in_video": false,
    "price_class": 1,
    "price_bin_3_class": 0,
    "price_bin_20_class": 2,
    "price_bin_100_class": 12
}