{
    "id": 3332,
    "name": "CryptoPunk #4375",
    "description": null,
    "collection_name": "CryptoPunks",
    "collection_description": "CryptoPunks launched as a fixed set of 10,000 items in mid-2017 and became one of the inspirations for the ERC-721 standard. They have been featured in places like The New York Times, Christies of London, Art|Basel Miami, and The PBS NewsHour.",
    "transaction_time": "2021-07-07T07:27:12",
    "eth_price": "24000000000000000000",
    "eth_price_decimal": 18,
    "usd_price": 2315.16,
    "usd_volume": 22398345285.0,
    "usd_marketcap": 269950094549.0,
    "media_filenames": [
        "03332.jpg"
    ],
    "has_audio_in_video": false,
    "price_class": 7,
    "price_bin_3_class": 2,
    "price_bin_20_class": 15,
    "price_bin_100_class": 79
}