{
    "id": 3390,
    "name": "CryptoPunk #4474",
    "description": null,
    "collection_name": "CryptoPunks",
    "collection_description": "CryptoPunks launched as a fixed set of 10,000 items in mid-2017 and became one of the inspirations for the ERC-721 standard. They have been featured in places like The New York Times, Christies of London, Art|Basel Miami, and The PBS NewsHour.",
    "transaction_time": "2021-08-15T14:15:35",
    "eth_price": "75000000000000000000",
    "eth_price_decimal": 18,
    "usd_price": 3310.5,
    "usd_volume": 22166205051.0,
    "usd_marketcap": 387728432650.0,
    "media_filenames": [
        "03390.jpg"
    ],
    "has_audio_in_video": false,
    "price_class": 9,
    "price_bin_3_class": 2,
    "price_bin_20_class": 18,
    "price_bin_100_class": 91
}