{
    "id": 3431,
    "name": "CryptoPunk #453",
    "description": null,
    "collection_name": "CryptoPunks",
    "collection_description": "CryptoPunks launched as a fixed set of 10,000 items in mid-2017 and became one of the inspirations for the ERC-721 standard. They have been featured in places like The New York Times, Christies of London, Art|Basel Miami, and The PBS NewsHour.",
    "transaction_time": "2021-04-15T01:53:54",
    "eth_price": "70000000000000000000",
    "eth_price_decimal": 18,
    "usd_price": 2519.1161,
    "usd_volume": 32325606817.0,
    "usd_marketcap": 290918000000.0,
    "media_filenames": [
        "03431.jpg"
    ],
    "has_audio_in_video": false,
    "price_class": 8,
    "price_bin_3_class": 2,
    "price_bin_20_class": 17,
    "price_bin_100_class": 89
}