{
    "id": 3474,
    "name": "CryptoPunk #4608",
    "description": null,
    "collection_name": "CryptoPunks",
    "collection_description": "CryptoPunks launched as a fixed set of 10,000 items in mid-2017 and became one of the inspirations for the ERC-721 standard. They have been featured in places like The New York Times, Christies of London, Art|Basel Miami, and The PBS NewsHour.",
    "transaction_time": "2021-09-24T06:06:02",
    "eth_price": "290000000000000000000",
    "eth_price_decimal": 18,
    "usd_price": 2931.67,
    "usd_volume": 25595422789.0,
    "usd_marketcap": 344941570042.0,
    "media_filenames": [
        "03474.jpg"
    ],
    "has_audio_in_video": false,
    "price_class": 9,
    "price_bin_3_class": 2,
    "price_bin_20_class": 19,
    "price_bin_100_class": 99
}