{
    "id": 3550,
    "name": "CryptoPunk #4765",
    "description": null,
    "collection_name": "CryptoPunks",
    "collection_description": "CryptoPunks launched as a fixed set of 10,000 items in mid-2017 and became one of the inspirations for the ERC-721 standard. They have been featured in places like The New York Times, Christies of London, Art|Basel Miami, and The PBS NewsHour.",
    "transaction_time": "2021-09-23T18:11:12",
    "eth_price": "117970000000000000000",
    "eth_price_decimal": 18,
    "usd_price": 3155.52,
    "usd_volume": 18516291047.0,
    "usd_marketcap": 371237859101.0,
    "media_filenames": [
        "03550.jpg"
    ],
    "has_audio_in_video": false,
    "price_class": 9,
    "price_bin_3_class": 2,
    "price_bin_20_class": 18,
    "price_bin_100_class": 94
}