{
    "id": 3607,
    "name": "CryptoPunk #4851",
    "description": null,
    "collection_name": "CryptoPunks",
    "collection_description": "CryptoPunks launched as a fixed set of 10,000 items in mid-2017 and became one of the inspirations for the ERC-721 standard. They have been featured in places like The New York Times, Christies of London, Art|Basel Miami, and The PBS NewsHour.",
    "transaction_time": "2020-11-17T12:21:50",
    "eth_price": "11000000000000000000",
    "eth_price_decimal": 18,
    "usd_price": 480.36008260000006,
    "usd_volume": 14593057877.0,
    "usd_marketcap": 54505786216.0,
    "media_filenames": [
        "03607.jpg"
    ],
    "has_audio_in_video": false,
    "price_class": 5,
    "price_bin_3_class": 1,
    "price_bin_20_class": 10,
    "price_bin_100_class": 54
}