{
    "id": 3614,
    "name": "CryptoPunk #4864",
    "description": null,
    "collection_name": "CryptoPunks",
    "collection_description": "CryptoPunks launched as a fixed set of 10,000 items in mid-2017 and became one of the inspirations for the ERC-721 standard. They have been featured in places like The New York Times, Christies of London, Art|Basel Miami, and The PBS NewsHour.",
    "transaction_time": "2018-10-11T20:51:27",
    "eth_price": "150000000000000000",
    "eth_price_decimal": 18,
    "usd_price": 189.49900000000002,
    "usd_volume": 2167620000.0,
    "usd_marketcap": 19426181717.0,
    "media_filenames": [
        "03614.jpg"
    ],
    "has_audio_in_video": false,
    "price_class": 0,
    "price_bin_3_class": 0,
    "price_bin_20_class": 0,
    "price_bin_100_class": 2
}