{
    "id": 3626,
    "name": "CryptoPunk #4882",
    "description": null,
    "collection_name": "CryptoPunks",
    "collection_description": "CryptoPunks launched as a fixed set of 10,000 items in mid-2017 and became one of the inspirations for the ERC-721 standard. They have been featured in places like The New York Times, Christies of London, Art|Basel Miami, and The PBS NewsHour.",
    "transaction_time": "2020-05-26T14:46:38",
    "eth_price": "1690000000000000000",
    "eth_price_decimal": 18,
    "usd_price": 201.90231,
    "usd_volume": 10159741290.0,
    "usd_marketcap": 22429962991.0,
    "media_filenames": [
        "03626.jpg"
    ],
    "has_audio_in_video": false,
    "price_class": 2,
    "price_bin_3_class": 0,
    "price_bin_20_class": 5,
    "price_bin_100_class": 28
}