{
    "id": 3665,
    "name": "CryptoPunk #4946",
    "description": null,
    "collection_name": "CryptoPunks",
    "collection_description": "CryptoPunks launched as a fixed set of 10,000 items in mid-2017 and became one of the inspirations for the ERC-721 standard. They have been featured in places like The New York Times, Christies of London, Art|Basel Miami, and The PBS NewsHour.",
    "transaction_time": "2018-11-26T22:08:43",
    "eth_price": "380000000000000000",
    "eth_price_decimal": 18,
    "usd_price": 108.335,
    "usd_volume": 2139490000.0,
    "usd_marketcap": 11206775318.0,
    "media_filenames": [
        "03665.jpg"
    ],
    "has_audio_in_video": false,
    "price_class": 0,
    "price_bin_3_class": 0,
    "price_bin_20_class": 0,
    "price_bin_100_class": 4
}