{
    "id": 3713,
    "name": "CryptoPunk #5019",
    "description": null,
    "collection_name": "CryptoPunks",
    "collection_description": "CryptoPunks launched as a fixed set of 10,000 items in mid-2017 and became one of the inspirations for the ERC-721 standard. They have been featured in places like The New York Times, Christies of London, Art|Basel Miami, and The PBS NewsHour.",
    "transaction_time": "2018-02-24T22:04:39",
    "eth_price": "270000000000000000",
    "eth_price_decimal": 18,
    "usd_price": 840.5150146,
    "usd_volume": 1926579968.0,
    "usd_marketcap": 82222377928.0,
    "media_filenames": [
        "03713.jpg"
    ],
    "has_audio_in_video": false,
    "price_class": 2,
    "price_bin_3_class": 0,
    "price_bin_20_class": 4,
    "price_bin_100_class": 22
}