{
    "id": 3710,
    "name": "CryptoPunk #5014",
    "description": null,
    "collection_name": "CryptoPunks",
    "collection_description": "CryptoPunks launched as a fixed set of 10,000 items in mid-2017 and became one of the inspirations for the ERC-721 standard. They have been featured in places like The New York Times, Christies of London, Art|Basel Miami, and The PBS NewsHour.",
    "transaction_time": "2021-01-20T11:10:57",
    "eth_price": "7000000000000000000",
    "eth_price_decimal": 18,
    "usd_price": 1382.2740939999999,
    "usd_volume": 46784030909.0,
    "usd_marketcap": 158042000000.0,
    "media_filenames": [
        "03710.jpg"
    ],
    "has_audio_in_video": false,
    "price_class": 6,
    "price_bin_3_class": 1,
    "price_bin_20_class": 12,
    "price_bin_100_class": 62
}