{
    "id": 3789,
    "name": "CryptoPunk #5138",
    "description": null,
    "collection_name": "CryptoPunks",
    "collection_description": "CryptoPunks launched as a fixed set of 10,000 items in mid-2017 and became one of the inspirations for the ERC-721 standard. They have been featured in places like The New York Times, Christies of London, Art|Basel Miami, and The PBS NewsHour.",
    "transaction_time": "2017-06-24T10:48:15",
    "eth_price": "500000000000000000",
    "eth_price_decimal": 18,
    "usd_price": 323.69601439999997,
    "usd_volume": 673585024.0,
    "usd_marketcap": 30027238696.0,
    "media_filenames": [
        "03789.jpg"
    ],
    "has_audio_in_video": false,
    "price_class": 1,
    "price_bin_3_class": 0,
    "price_bin_20_class": 3,
    "price_bin_100_class": 16
}