{
    "id": 3863,
    "name": "CryptoPunk #5260",
    "description": null,
    "collection_name": "CryptoPunks",
    "collection_description": "CryptoPunks launched as a fixed set of 10,000 items in mid-2017 and became one of the inspirations for the ERC-721 standard. They have been featured in places like The New York Times, Christies of London, Art|Basel Miami, and The PBS NewsHour.",
    "transaction_time": "2021-08-29T05:39:44",
    "eth_price": "142000000000000000000",
    "eth_price_decimal": 18,
    "usd_price": 3227.0,
    "usd_volume": 13296586731.0,
    "usd_marketcap": 378558550046.0,
    "media_filenames": [
        "03863.jpg"
    ],
    "has_audio_in_video": false,
    "price_class": 9,
    "price_bin_3_class": 2,
    "price_bin_20_class": 19,
    "price_bin_100_class": 97
}