{
    "id": 3896,
    "name": "CryptoPunk #531",
    "description": null,
    "collection_name": "CryptoPunks",
    "collection_description": "CryptoPunks launched as a fixed set of 10,000 items in mid-2017 and became one of the inspirations for the ERC-721 standard. They have been featured in places like The New York Times, Christies of London, Art|Basel Miami, and The PBS NewsHour.",
    "transaction_time": "2021-07-23T15:20:09",
    "eth_price": "22000000000000000000",
    "eth_price_decimal": 18,
    "usd_price": 2124.78,
    "usd_volume": 16200392492.0,
    "usd_marketcap": 248204064165.0,
    "media_filenames": [
        "03896.jpg"
    ],
    "has_audio_in_video": false,
    "price_class": 7,
    "price_bin_3_class": 2,
    "price_bin_20_class": 15,
    "price_bin_100_class": 77
}