{
    "id": 3976,
    "name": "CryptoPunk #5427",
    "description": null,
    "collection_name": "CryptoPunks",
    "collection_description": "CryptoPunks launched as a fixed set of 10,000 items in mid-2017 and became one of the inspirations for the ERC-721 standard. They have been featured in places like The New York Times, Christies of London, Art|Basel Miami, and The PBS NewsHour.",
    "transaction_time": "2021-10-20T22:57:40",
    "eth_price": "123000000000000000000",
    "eth_price_decimal": 18,
    "usd_price": 4155.99,
    "usd_volume": 20338319988.0,
    "usd_marketcap": 490444280909.0,
    "media_filenames": [
        "03976.jpg"
    ],
    "has_audio_in_video": false,
    "price_class": 9,
    "price_bin_3_class": 2,
    "price_bin_20_class": 19,
    "price_bin_100_class": 98
}