{
    "id": 3997,
    "name": "CryptoPunk #5453",
    "description": null,
    "collection_name": "CryptoPunks",
    "collection_description": "CryptoPunks launched as a fixed set of 10,000 items in mid-2017 and became one of the inspirations for the ERC-721 standard. They have been featured in places like The New York Times, Christies of London, Art|Basel Miami, and The PBS NewsHour.",
    "transaction_time": "2021-06-25T19:50:45",
    "eth_price": "24500000000000000000",
    "eth_price_decimal": 18,
    "usd_price": 1813.217232,
    "usd_volume": 22774334998.0,
    "usd_marketcap": 211131000000.0,
    "media_filenames": [
        "03997.jpg"
    ],
    "has_audio_in_video": false,
    "price_class": 7,
    "price_bin_3_class": 2,
    "price_bin_20_class": 15,
    "price_bin_100_class": 76
}