{
    "id": 4165,
    "name": "CryptoPunk #5708",
    "description": null,
    "collection_name": "CryptoPunks",
    "collection_description": "CryptoPunks launched as a fixed set of 10,000 items in mid-2017 and became one of the inspirations for the ERC-721 standard. They have been featured in places like The New York Times, Christies of London, Art|Basel Miami, and The PBS NewsHour.",
    "transaction_time": "2021-02-05T21:04:47",
    "eth_price": "14000000000000000000",
    "eth_price_decimal": 18,
    "usd_price": 1718.650872,
    "usd_volume": 40108628454.0,
    "usd_marketcap": 196873000000.0,
    "media_filenames": [
        "04165.jpg"
    ],
    "has_audio_in_video": false,
    "price_class": 6,
    "price_bin_3_class": 2,
    "price_bin_20_class": 13,
    "price_bin_100_class": 69
}