{
    "id": 4191,
    "name": "CryptoPunk #5740",
    "description": null,
    "collection_name": "CryptoPunks",
    "collection_description": "CryptoPunks launched as a fixed set of 10,000 items in mid-2017 and became one of the inspirations for the ERC-721 standard. They have been featured in places like The New York Times, Christies of London, Art|Basel Miami, and The PBS NewsHour.",
    "transaction_time": "2021-08-05T08:42:27",
    "eth_price": "84990000000000000000",
    "eth_price_decimal": 18,
    "usd_price": 2827.33,
    "usd_volume": 31057928075.0,
    "usd_marketcap": 330757177808.0,
    "media_filenames": [
        "04191.jpg"
    ],
    "has_audio_in_video": false,
    "price_class": 9,
    "price_bin_3_class": 2,
    "price_bin_20_class": 18,
    "price_bin_100_class": 91
}