{
    "id": 4258,
    "name": "CryptoPunk #5853",
    "description": null,
    "collection_name": "CryptoPunks",
    "collection_description": "CryptoPunks launched as a fixed set of 10,000 items in mid-2017 and became one of the inspirations for the ERC-721 standard. They have been featured in places like The New York Times, Christies of London, Art|Basel Miami, and The PBS NewsHour.",
    "transaction_time": "2017-07-30T19:27:47",
    "eth_price": "200000000000000000",
    "eth_price_decimal": 18,
    "usd_price": 197.9779968,
    "usd_volume": 596233984.0,
    "usd_marketcap": 18545669554.0,
    "media_filenames": [
        "04258.jpg"
    ],
    "has_audio_in_video": false,
    "price_class": 0,
    "price_bin_3_class": 0,
    "price_bin_20_class": 0,
    "price_bin_100_class": 4
}