{
    "id": 4255,
    "name": "CryptoPunk #5849",
    "description": null,
    "collection_name": "CryptoPunks",
    "collection_description": "CryptoPunks launched as a fixed set of 10,000 items in mid-2017 and became one of the inspirations for the ERC-721 standard. They have been featured in places like The New York Times, Christies of London, Art|Basel Miami, and The PBS NewsHour.",
    "transaction_time": "2020-09-14T23:18:56",
    "eth_price": "1990000000000000000",
    "eth_price_decimal": 18,
    "usd_price": 377.2688751,
    "usd_volume": 17536695361.0,
    "usd_marketcap": 42482307939.0,
    "media_filenames": [
        "04255.jpg"
    ],
    "has_audio_in_video": false,
    "price_class": 3,
    "price_bin_3_class": 1,
    "price_bin_20_class": 6,
    "price_bin_100_class": 34
}