{
    "id": 4369,
    "name": "CryptoPunk #5994",
    "description": null,
    "collection_name": "CryptoPunks",
    "collection_description": "CryptoPunks launched as a fixed set of 10,000 items in mid-2017 and became one of the inspirations for the ERC-721 standard. They have been featured in places like The New York Times, Christies of London, Art|Basel Miami, and The PBS NewsHour.",
    "transaction_time": "2021-07-11T09:31:17",
    "eth_price": "22000000000000000000",
    "eth_price_decimal": 18,
    "usd_price": 2139.66,
    "usd_volume": 14705386138.0,
    "usd_marketcap": 249601597225.0,
    "media_filenames": [
        "04369.jpg"
    ],
    "has_audio_in_video": false,
    "price_class": 7,
    "price_bin_3_class": 2,
    "price_bin_20_class": 15,
    "price_bin_100_class": 77
}