{
    "id": 4375,
    "name": "CryptoPunk #6002",
    "description": null,
    "collection_name": "CryptoPunks",
    "collection_description": "CryptoPunks launched as a fixed set of 10,000 items in mid-2017 and became one of the inspirations for the ERC-721 standard. They have been featured in places like The New York Times, Christies of London, Art|Basel Miami, and The PBS NewsHour.",
    "transaction_time": "2021-03-23T13:20:36",
    "eth_price": "39990000000000000000",
    "eth_price_decimal": 18,
    "usd_price": 1678.650138,
    "usd_volume": 21998237965.0,
    "usd_marketcap": 193336000000.0,
    "media_filenames": [
        "04375.jpg"
    ],
    "has_audio_in_video": false,
    "price_class": 8,
    "price_bin_3_class": 2,
    "price_bin_20_class": 16,
    "price_bin_100_class": 81
}