{
    "id": 4385,
    "name": "CryptoPunk #6016",
    "description": null,
    "collection_name": "CryptoPunks",
    "collection_description": "CryptoPunks launched as a fixed set of 10,000 items in mid-2017 and became one of the inspirations for the ERC-721 standard. They have been featured in places like The New York Times, Christies of London, Art|Basel Miami, and The PBS NewsHour.",
    "transaction_time": "2021-02-23T23:26:11",
    "eth_price": "30000000000000000000",
    "eth_price_decimal": 18,
    "usd_price": 1570.203925,
    "usd_volume": 52029864713.0,
    "usd_marketcap": 180251000000.0,
    "media_filenames": [
        "04385.jpg"
    ],
    "has_audio_in_video": false,
    "price_class": 7,
    "price_bin_3_class": 2,
    "price_bin_20_class": 15,
    "price_bin_100_class": 77
}