{
    "id": 4468,
    "name": "CryptoPunk #6126",
    "description": null,
    "collection_name": "CryptoPunks",
    "collection_description": "CryptoPunks launched as a fixed set of 10,000 items in mid-2017 and became one of the inspirations for the ERC-721 standard. They have been featured in places like The New York Times, Christies of London, Art|Basel Miami, and The PBS NewsHour.",
    "transaction_time": "2020-10-05T07:58:29",
    "eth_price": "6400000000000000000",
    "eth_price_decimal": 18,
    "usd_price": 353.9567715,
    "usd_volume": 11809507622.0,
    "usd_marketcap": 39954971652.0,
    "media_filenames": [
        "04468.jpg"
    ],
    "has_audio_in_video": false,
    "price_class": 4,
    "price_bin_3_class": 1,
    "price_bin_20_class": 8,
    "price_bin_100_class": 41
}