{
    "id": 4548,
    "name": "CryptoPunk #740",
    "description": null,
    "collection_name": "CryptoPunks",
    "collection_description": "CryptoPunks launched as a fixed set of 10,000 items in mid-2017 and became one of the inspirations for the ERC-721 standard. They have been featured in places like The New York Times, Christies of London, Art|Basel Miami, and The PBS NewsHour.",
    "transaction_time": "2021-10-11T14:19:23",
    "eth_price": "100000000000000000002",
    "eth_price_decimal": 18,
    "usd_price": 3545.35,
    "usd_volume": 18579189588.0,
    "usd_marketcap": 417956526087.0,
    "media_filenames": [
        "04548.jpg"
    ],
    "has_audio_in_video": false,
    "price_class": 9,
    "price_bin_3_class": 2,
    "price_bin_20_class": 18,
    "price_bin_100_class": 94
}