{
    "id": 4555,
    "name": "CryptoPunk #762",
    "description": null,
    "collection_name": "CryptoPunks",
    "collection_description": "CryptoPunks launched as a fixed set of 10,000 items in mid-2017 and became one of the inspirations for the ERC-721 standard. They have been featured in places like The New York Times, Christies of London, Art|Basel Miami, and The PBS NewsHour.",
    "transaction_time": "2021-04-13T11:11:28",
    "eth_price": "70000000000000000000",
    "eth_price_decimal": 18,
    "usd_price": 2299.187786,
    "usd_volume": 29456642939.0,
    "usd_marketcap": 265458000000.0,
    "media_filenames": [
        "04555.jpg"
    ],
    "has_audio_in_video": false,
    "price_class": 8,
    "price_bin_3_class": 2,
    "price_bin_20_class": 17,
    "price_bin_100_class": 89
}