{
    "id": 4821,
    "name": "Doodle #320",
    "description": "A community-driven collectibles project featuring art by Burnt Toast. Doodles come in a joyful range of colors, traits and sizes with a collection size of 10,000. Each Doodle allows its owner to vote for experiences and activations paid for by the Doodles Community Treasury. Burnt Toast is the working alias for Scott Martin, a Canadianbased illustrator, designer, animator and muralist.",
    "collection_name": "Doodles",
    "collection_description": "A community-driven collectibles project featuring art by Burnt Toast. Doodles come in a joyful range of colors, traits and sizes with a collection size of 10,000. Each Doodle allows its owner to vote for experiences and activations paid for by the Doodles Community Treasury.",
    "transaction_time": "2021-10-18T03:15:35",
    "eth_price": "810000000000000000",
    "eth_price_decimal": 18,
    "usd_price": 3748.76,
    "usd_volume": 17386204158.0,
    "usd_marketcap": 442286890171.0,
    "media_filenames": [
        "04821.jpg"
    ],
    "has_audio_in_video": false,
    "price_class": 4,
    "price_bin_3_class": 1,
    "price_bin_20_class": 8,
    "price_bin_100_class": 44
}