{
    "id": 5163,
    "name": "EulerBeats Enigma LP 22 Print",
    "description": "The value of each Print is backed by ETH on a bonding curve. Check EulerBeats.com on the current value of this Print before buying on a secondary market. EulerBeats is an ultra scarce digital art + beat collection generated by applying some of the greatest mathematical discoveries of Euler. THE PURCHASE AND SALE OF THIS NFT IS SUBJECT TO TERMS AND CONDITIONS, AVAILABLE HERE: https://eulerbeats.com/terms-of-service.",
    "collection_name": "EulerBeats Enigma",
    "collection_description": "Imagine music as mathematical art on an NFT substrate. This is EulerBeats. The Euler Record is a limited edition set of algorithmically generated art + music based on the Euler number and the Euler-Totient function. EulerBeats Enigma originals are ultra scarce NFTs and are capped at 27 - completing the other side of the EulerBeats record. Each Print has a value backed by Eth on a bonding curve. Check EulerBeats.com on the current value of each Print before transacting on OpenSea. THE PURCHASE AND SALE OF THIS NFT IS SUBJECT TO TERMS AND CONDITIONS, AVAILABLE HERE: https://eulerbeats.com/terms-of-service.",
    "transaction_time": "2021-10-27T15:51:52",
    "eth_price": "1880000000000000000",
    "eth_price_decimal": 18,
    "usd_price": 3930.26,
    "usd_volume": 26219530404.0,
    "usd_marketcap": 464175061361.0,
    "media_filenames": [
        "05163.mp4"
    ],
    "has_audio_in_video": true,
    "price_class": 5,
    "price_bin_3_class": 1,
    "price_bin_20_class": 11,
    "price_bin_100_class": 58
}