{
    "id": 5354,
    "name": "Cryptoblots #281",
    "description": "A cryptoart collectible series to indulge the irrepressible human compulsion for pareidolia. This algorithmic homage to Hermann Rorschach's inkblot perception test will help you externalize your inner world onto the sometimes elegant, sometimes inchoate curves of a unique, one-of-a-kind, ownable cryptoblot on the Ethereum blockchain. What will YOUR cryptoblot reveal about you?",
    "collection_name": "Cryptoblots by Dam Aggott-Hnsch",
    "collection_description": "Cryptoblots by Dam Aggott-Hnsch - Art Blocks Curated",
    "transaction_time": "2021-07-31T10:20:17",
    "eth_price": "333300000000000000",
    "eth_price_decimal": 18,
    "usd_price": 2536.21,
    "usd_volume": 18001710283.0,
    "usd_marketcap": 296532997873.0,
    "media_filenames": [
        "05354.jpg"
    ],
    "has_audio_in_video": false,
    "price_class": 3,
    "price_bin_3_class": 1,
    "price_bin_20_class": 6,
    "price_bin_100_class": 34
}