{
    "id": 5749,
    "name": "urgent request #89 | JingleBe",
    "description": "Every cover of the 100 limited Jingle-NFT is an unique artwork with an own face embody your Jinglebe. It was generated by A.I. These people don't exist. Its art. it's a song and its only yours. It should feel like a second skin made out of music that completes you. You are art and so is music. Each JingeBe is made by two musicians with love and comes with a high quality wav as IPFS Hash and full right ownership of the song.",
    "collection_name": "JingleBe NFT COLLECTION",
    "collection_description": "100 handmade jingles. For every feeling there is a melody and every moment has a sound. A JingleBe is your second skin made out of music and it comes with an unique artwork and face generated by A.I. These people dont exist. Each JingeBe is made by two musicians with love and comes with a high quality wav as IPFS Hash and full right ownership of the song. You are art and so is this. DROP ON 05.03.2021 https://app.rarible.com/fimbim",
    "transaction_time": "2021-03-07T19:19:19",
    "eth_price": "750000000000000000",
    "eth_price_decimal": 18,
    "usd_price": 1723.153796,
    "usd_volume": 23809935410.0,
    "usd_marketcap": 198089000000.0,
    "media_filenames": [
        "05749.gif",
        "05749.mp3"
    ],
    "has_audio_in_video": false,
    "price_class": 3,
    "price_bin_3_class": 1,
    "price_bin_20_class": 7,
    "price_bin_100_class": 36
}