{
    "id": 5841,
    "name": "Poet #1086",
    "description": null,
    "collection_name": "LOSTPOETS",
    "collection_description": "AB AETERNO",
    "transaction_time": "2021-10-28T18:01:12",
    "eth_price": "990000000000000000",
    "eth_price_decimal": 18,
    "usd_price": 4287.32,
    "usd_volume": 25958154575.0,
    "usd_marketcap": 506402198179.0,
    "media_filenames": [
        "05841.jpg"
    ],
    "has_audio_in_video": false,
    "price_class": 4,
    "price_bin_3_class": 1,
    "price_bin_20_class": 9,
    "price_bin_100_class": 49
}