{
    "id": 5848,
    "name": "Poet #1184",
    "description": null,
    "collection_name": "LOSTPOETS",
    "collection_description": "AB AETERNO",
    "transaction_time": "2021-10-04T07:13:28",
    "eth_price": "990000000000000000",
    "eth_price_decimal": 18,
    "usd_price": 3380.09,
    "usd_volume": 17747154101.0,
    "usd_marketcap": 398156802049.0,
    "media_filenames": [
        "05848.jpg"
    ],
    "has_audio_in_video": false,
    "price_class": 4,
    "price_bin_3_class": 1,
    "price_bin_20_class": 9,
    "price_bin_100_class": 45
}