{
    "id": 5877,
    "name": "Poet #1359",
    "description": null,
    "collection_name": "LOSTPOETS",
    "collection_description": "AB AETERNO",
    "transaction_time": "2021-10-05T23:27:13",
    "eth_price": "850000000000000000",
    "eth_price_decimal": 18,
    "usd_price": 3518.52,
    "usd_volume": 16632591670.0,
    "usd_marketcap": 414510299768.0,
    "media_filenames": [
        "05877.jpg"
    ],
    "has_audio_in_video": false,
    "price_class": 4,
    "price_bin_3_class": 1,
    "price_bin_20_class": 8,
    "price_bin_100_class": 43
}