{
    "id": 5938,
    "name": "Poet #1733",
    "description": null,
    "collection_name": "LOSTPOETS",
    "collection_description": "AB AETERNO",
    "transaction_time": "2021-09-30T08:41:35",
    "eth_price": "1350000000000000000",
    "eth_price_decimal": 18,
    "usd_price": 3001.68,
    "usd_volume": 17661065099.0,
    "usd_marketcap": 353421264860.0,
    "media_filenames": [
        "05938.jpg"
    ],
    "has_audio_in_video": false,
    "price_class": 4,
    "price_bin_3_class": 1,
    "price_bin_20_class": 9,
    "price_bin_100_class": 48
}