{
    "id": 5942,
    "name": "Poet #1741",
    "description": null,
    "collection_name": "LOSTPOETS",
    "collection_description": "AB AETERNO",
    "transaction_time": "2021-10-14T04:26:35",
    "eth_price": "1090000000000000000",
    "eth_price_decimal": 18,
    "usd_price": 3786.01,
    "usd_volume": 19443499909.0,
    "usd_marketcap": 446474897131.0,
    "media_filenames": [
        "05942.jpg"
    ],
    "has_audio_in_video": false,
    "price_class": 4,
    "price_bin_3_class": 1,
    "price_bin_20_class": 9,
    "price_bin_100_class": 48
}