{
    "id": 5955,
    "name": "Poet #1765",
    "description": null,
    "collection_name": "LOSTPOETS",
    "collection_description": "AB AETERNO",
    "transaction_time": "2021-09-26T13:22:51",
    "eth_price": "1338000000000000000",
    "eth_price_decimal": 18,
    "usd_price": 3062.27,
    "usd_volume": 21172766310.0,
    "usd_marketcap": 360390447457.0,
    "media_filenames": [
        "05955.jpg"
    ],
    "has_audio_in_video": false,
    "price_class": 4,
    "price_bin_3_class": 1,
    "price_bin_20_class": 9,
    "price_bin_100_class": 48
}