{
    "id": 5969,
    "name": "Poet #1826",
    "description": null,
    "collection_name": "LOSTPOETS",
    "collection_description": "AB AETERNO",
    "transaction_time": "2021-09-28T18:12:21",
    "eth_price": "1120000000000000000",
    "eth_price_decimal": 18,
    "usd_price": 2807.3,
    "usd_volume": 16895079070.0,
    "usd_marketcap": 330459005352.0,
    "media_filenames": [
        "05969.jpg"
    ],
    "has_audio_in_video": false,
    "price_class": 4,
    "price_bin_3_class": 1,
    "price_bin_20_class": 8,
    "price_bin_100_class": 44
}