{
    "id": 5992,
    "name": "Virgil C Hitchens",
    "description": null,
    "collection_name": "LOSTPOETS",
    "collection_description": "AB AETERNO",
    "transaction_time": "2021-10-11T00:51:06",
    "eth_price": "1520000000000000000",
    "eth_price_decimal": 18,
    "usd_price": 3545.35,
    "usd_volume": 18579189588.0,
    "usd_marketcap": 417956526087.0,
    "media_filenames": [
        "05992.jpg"
    ],
    "has_audio_in_video": false,
    "price_class": 5,
    "price_bin_3_class": 1,
    "price_bin_20_class": 10,
    "price_bin_100_class": 54
}