{
    "id": 6030,
    "name": "Poet #2303",
    "description": null,
    "collection_name": "LOSTPOETS",
    "collection_description": "AB AETERNO",
    "transaction_time": "2021-09-27T23:08:51",
    "eth_price": "1500000000000000000",
    "eth_price_decimal": 18,
    "usd_price": 2934.14,
    "usd_volume": 19164053681.0,
    "usd_marketcap": 345350983222.0,
    "media_filenames": [
        "06030.jpg"
    ],
    "has_audio_in_video": false,
    "price_class": 5,
    "price_bin_3_class": 1,
    "price_bin_20_class": 10,
    "price_bin_100_class": 50
}