{
    "id": 6099,
    "name": "Poet #2615",
    "description": null,
    "collection_name": "LOSTPOETS",
    "collection_description": "AB AETERNO",
    "transaction_time": "2021-09-27T05:39:49",
    "eth_price": "2188853339427526710",
    "eth_price_decimal": 18,
    "usd_price": 2934.14,
    "usd_volume": 19164053681.0,
    "usd_marketcap": 345350983222.0,
    "media_filenames": [
        "06099.jpg"
    ],
    "has_audio_in_video": false,
    "price_class": 5,
    "price_bin_3_class": 1,
    "price_bin_20_class": 11,
    "price_bin_100_class": 56
}