{
    "id": 6107,
    "name": "Poet #2669",
    "description": null,
    "collection_name": "LOSTPOETS",
    "collection_description": "AB AETERNO",
    "transaction_time": "2021-09-25T15:59:40",
    "eth_price": "1690000000000000000",
    "eth_price_decimal": 18,
    "usd_price": 2925.57,
    "usd_volume": 18932786754.0,
    "usd_marketcap": 344263323578.0,
    "media_filenames": [
        "06107.jpg"
    ],
    "has_audio_in_video": false,
    "price_class": 5,
    "price_bin_3_class": 1,
    "price_bin_20_class": 10,
    "price_bin_100_class": 52
}