{
    "id": 6134,
    "name": "Poet #2817",
    "description": null,
    "collection_name": "LOSTPOETS",
    "collection_description": "AB AETERNO",
    "transaction_time": "2021-10-18T07:22:30",
    "eth_price": "1079000000000000000",
    "eth_price_decimal": 18,
    "usd_price": 3748.76,
    "usd_volume": 17386204158.0,
    "usd_marketcap": 442286890171.0,
    "media_filenames": [
        "06134.jpg"
    ],
    "has_audio_in_video": false,
    "price_class": 4,
    "price_bin_3_class": 1,
    "price_bin_20_class": 9,
    "price_bin_100_class": 48
}