{
    "id": 6176,
    "name": "Poet #3244",
    "description": null,
    "collection_name": "LOSTPOETS",
    "collection_description": "AB AETERNO",
    "transaction_time": "2021-09-26T09:32:41",
    "eth_price": "1298918236221933569",
    "eth_price_decimal": 18,
    "usd_price": 3062.27,
    "usd_volume": 21172766310.0,
    "usd_marketcap": 360390447457.0,
    "media_filenames": [
        "06176.jpg"
    ],
    "has_audio_in_video": false,
    "price_class": 4,
    "price_bin_3_class": 1,
    "price_bin_20_class": 9,
    "price_bin_100_class": 47
}