{
    "id": 6191,
    "name": "Poet #3417",
    "description": null,
    "collection_name": "LOSTPOETS",
    "collection_description": "AB AETERNO",
    "transaction_time": "2021-09-29T00:01:41",
    "eth_price": "1250000000000000000",
    "eth_price_decimal": 18,
    "usd_price": 2853.14,
    "usd_volume": 15763456158.0,
    "usd_marketcap": 335894451616.0,
    "media_filenames": [
        "06191.jpg"
    ],
    "has_audio_in_video": false,
    "price_class": 4,
    "price_bin_3_class": 1,
    "price_bin_20_class": 9,
    "price_bin_100_class": 46
}