{
    "id": 6242,
    "name": "Poet #4192",
    "description": null,
    "collection_name": "LOSTPOETS",
    "collection_description": "AB AETERNO",
    "transaction_time": "2021-10-02T12:17:41",
    "eth_price": "910000000000000000",
    "eth_price_decimal": 18,
    "usd_price": 3391.69,
    "usd_volume": 19202671704.0,
    "usd_marketcap": 399433404741.0,
    "media_filenames": [
        "06242.jpg"
    ],
    "has_audio_in_video": false,
    "price_class": 4,
    "price_bin_3_class": 1,
    "price_bin_20_class": 8,
    "price_bin_100_class": 44
}