{
    "id": 6269,
    "name": "Poet #4481",
    "description": null,
    "collection_name": "LOSTPOETS",
    "collection_description": "AB AETERNO",
    "transaction_time": "2021-10-03T03:50:53",
    "eth_price": "950000000000000000",
    "eth_price_decimal": 18,
    "usd_price": 3418.36,
    "usd_volume": 15516566862.0,
    "usd_marketcap": 402619122254.0,
    "media_filenames": [
        "06269.jpg"
    ],
    "has_audio_in_video": false,
    "price_class": 4,
    "price_bin_3_class": 1,
    "price_bin_20_class": 8,
    "price_bin_100_class": 44
}