{
    "id": 6270,
    "name": "Poet #4485",
    "description": null,
    "collection_name": "LOSTPOETS",
    "collection_description": "AB AETERNO",
    "transaction_time": "2021-09-26T05:53:35",
    "eth_price": "2000000000000000000",
    "eth_price_decimal": 18,
    "usd_price": 3062.27,
    "usd_volume": 21172766310.0,
    "usd_marketcap": 360390447457.0,
    "media_filenames": [
        "06270.jpg"
    ],
    "has_audio_in_video": false,
    "price_class": 5,
    "price_bin_3_class": 1,
    "price_bin_20_class": 11,
    "price_bin_100_class": 56
}