{
    "id": 6319,
    "name": "The Satoshi Nakamoto",
    "description": "i dont have the time to try to convince you sorry",
    "collection_name": "LOSTPOETS",
    "collection_description": "AB AETERNO",
    "transaction_time": "2021-09-26T00:28:57",
    "eth_price": "3000000000000000000",
    "eth_price_decimal": 18,
    "usd_price": 3062.27,
    "usd_volume": 21172766310.0,
    "usd_marketcap": 360390447457.0,
    "media_filenames": [
        "06319.jpg"
    ],
    "has_audio_in_video": false,
    "price_class": 6,
    "price_bin_3_class": 1,
    "price_bin_20_class": 12,
    "price_bin_100_class": 61
}