{
    "id": 6350,
    "name": "Go NFT - Namewee #018",
    "description": "This is the only song dedicated to NFT in the world. FUCK THE MIDDLE MAN! Fuck Bank Fuck Tax Fuck Agency (What) Fuck Commission and Fuck Intermediary (Yeah) Fuck Cheque Fuck Cash Paper Money Fuck Third Party (Fuck) Go NFT (Ah Ah Yeah Yeah Search Namewee Yeah NFT) Suck Blood Block Chain Search Namewee",
    "collection_name": "NAMEWEE4896 Collection",
    "collection_description": "",
    "transaction_time": "2021-11-07T05:02:12",
    "eth_price": "1000000000000000000",
    "eth_price_decimal": 18,
    "usd_price": null,
    "usd_volume": null,
    "usd_marketcap": null,
    "media_filenames": [
        "06350.mp3",
        "06350.jpg"
    ],
    "has_audio_in_video": false,
    "price_class": 4,
    "price_bin_3_class": 1,
    "price_bin_20_class": 9,
    "price_bin_100_class": 49
}