{
    "id": 6445,
    "name": "Fragile #077",
    "description": "Fragileis limited to 100 units only. You're a bad listener But retaliate on each one there is I wonder how I have offended you You assume the world your enemy () You claim that (I belong to you) () Don't deny (ask me to return) () Never let go any part (give me an explanation) () You urged me (confess to the world) Our inseparable relationship And take care your glass of heart Pardon me for offending Hurt you of your feeling Oh I hear a sound Fragile self-esteem broken into pieces Pardon me my honesty The truth does always hurts you badly Perhaps I shouldn't be blunt Im So Sorry Im so sorry, dont angry lil pinky You have shown pinkish heart with purity Desiring for dogs, cats, bats and civets It is illegal to breach Firewall You'll be missed if the Pooh discovers it () You've been really (tough and strong) () With a single shoulder (throughout 10 miles) ( Carrying cotton and collecting his favorite honey (common prosperity) () Worked hard (combat poverty) In the tree leek farm One thousand is certainly beyond expectation Censor all sensitive terms Otherwise send for re-education and farming hami melons Swallow the Apple, Cut off Pineapple You say NMSL to me when you get angry Stop stealing from the world Sorry You want me to bow, I cant do that Talking to you, like cast pearl to pandas You are indeed astonishing and unbelivable Sorry Hurt you Sorry baby Fragile heart",
    "collection_name": "NAMEWEE4896 Collection",
    "collection_description": "",
    "transaction_time": "2021-11-07T09:54:08",
    "eth_price": "3000000000000000000",
    "eth_price_decimal": 18,
    "usd_price": null,
    "usd_volume": null,
    "usd_marketcap": null,
    "media_filenames": [
        "06445.mp3",
        "06445.jpg"
    ],
    "has_audio_in_video": false,
    "price_class": 6,
    "price_bin_3_class": 1,
    "price_bin_20_class": 13,
    "price_bin_100_class": 65
}