{
    "id": 6477,
    "name": "Nifty Sax Sphere #354 - Achernar",
    "description": "Nifty Sax: Spheres A collection of meditative, solo saxophone music. Expressed in 55 unique, audio-reactive tokens. [niftysax.com](https://niftysax.com/spheres)",
    "collection_name": "Nifty Sax Spheres",
    "collection_description": "A collection of meditative, solo saxophone music. Expressed in 55 unique, audio-reactive tokens. Total supply: 385 Rarity determined by number of editions (and color): 10 pieces in edition of 10 (classic) 9 in edition of 9 (classic) 8 in edition of 8 (classic) 7 in edition of 7 (classic) 6 in edition of 6 (classic) 5 in edition of 5 (classic) 4 in edition of 4 (rainbow) 3 in edition of 3 (ghost) 2 in edition of 2 (gold) Only One as 1 of 1 (special) [niftysax.com](https://niftysax.com/spheres)",
    "transaction_time": "2021-11-01T00:20:45",
    "eth_price": "69000000000000000",
    "eth_price_decimal": 18,
    "usd_price": 4324.63,
    "usd_volume": 17985288261.0,
    "usd_marketcap": 511040780623.0,
    "media_filenames": [
        "06477.mp4"
    ],
    "has_audio_in_video": true,
    "price_class": 2,
    "price_bin_3_class": 0,
    "price_bin_20_class": 5,
    "price_bin_100_class": 26
}