{
    "id": 6609,
    "name": "Ilvie's Acrylic Pour with negative space",
    "description": "I made this with my little niece. It's her 4th piece. She kept the first three for her parents.",
    "collection_name": "Rarible",
    "collection_description": "Create and sell digital collectibles secured with blockchain technology. Rarible is home to thousands of artists and collectors, creating and exchanging immutable art without using code. Trade with RARI token on OpenSea.",
    "transaction_time": "2020-09-25T22:39:50",
    "eth_price": "200000000000000000",
    "eth_price_decimal": 18,
    "usd_price": 352.1832447,
    "usd_volume": 14381086966.0,
    "usd_marketcap": 39707914546.0,
    "media_filenames": [
        "06609.jpg"
    ],
    "has_audio_in_video": false,
    "price_class": 0,
    "price_bin_3_class": 0,
    "price_bin_20_class": 1,
    "price_bin_100_class": 7
}