{
    "id": 6660,
    "name": "PLUR",
    "description": "Nifty Pride 2020",
    "collection_name": "Rarible",
    "collection_description": "Create and sell digital collectibles secured with blockchain technology. Rarible is home to thousands of artists and collectors, creating and exchanging immutable art without using code. Trade with RARI token on OpenSea.",
    "transaction_time": "2020-09-15T08:32:02",
    "eth_price": "100000000000000000",
    "eth_price_decimal": 18,
    "usd_price": 364.8392182,
    "usd_volume": 16140584321.0,
    "usd_marketcap": 41087642853.0,
    "media_filenames": [
        "06660.gif"
    ],
    "has_audio_in_video": false,
    "price_class": 0,
    "price_bin_3_class": 0,
    "price_bin_20_class": 0,
    "price_bin_100_class": 3
}