{
    "id": 6668,
    "name": "All hail to the coin",
    "description": "Bitcoin is the choice of King's",
    "collection_name": "Rarible",
    "collection_description": "Create and sell digital collectibles secured with blockchain technology. Rarible is home to thousands of artists and collectors, creating and exchanging immutable art without using code. Trade with RARI token on OpenSea.",
    "transaction_time": "2020-07-19T03:47:51",
    "eth_price": "20000000000000000",
    "eth_price_decimal": 18,
    "usd_price": 238.48752369999997,
    "usd_volume": 6251377305.0,
    "usd_marketcap": 26669691075.0,
    "media_filenames": [
        "06668.gif"
    ],
    "has_audio_in_video": false,
    "price_class": 0,
    "price_bin_3_class": 0,
    "price_bin_20_class": 0,
    "price_bin_100_class": 0
}