{
    "id": 6713,
    "name": "BRAN ARMSKRONK",
    "description": "Haz more Basic Attention Token than you. Unlock HQ GIF and Project Files with purchase.",
    "collection_name": "Rarible",
    "collection_description": "Create and sell digital collectibles secured with blockchain technology. Rarible is home to thousands of artists and collectors, creating and exchanging immutable art without using code. Trade with RARI token on OpenSea.",
    "transaction_time": "2020-10-20T01:14:58",
    "eth_price": "55000000000000000",
    "eth_price_decimal": 18,
    "usd_price": 369.13691489999997,
    "usd_volume": 13741586582.0,
    "usd_marketcap": 41745418861.0,
    "media_filenames": [
        "06713.gif"
    ],
    "has_audio_in_video": false,
    "price_class": 0,
    "price_bin_3_class": 0,
    "price_bin_20_class": 0,
    "price_bin_100_class": 1
}