{
    "id": 6724,
    "name": "EGM, 1up, Goodbye | Song A Day #00007",
    "description": "Jonathan from 2009 says, \" \"Song # 7! A song I wrote today for Ryan and Matt and everyone else at 1up and EGM that lost their jobs yesterday. It's made me so unbelievably sad. First, they're my friends, and what they created and worked on, the 1up Show, was far and away the best gaming content anywhere, period. I'm going to miss my weekly dose of 1up Yours, 1up FM and The 1up Show, and boy am I going to miss getting EGM in the mail! Love! On to bigger and better things! All of you!\"",
    "collection_name": "Song A Day",
    "collection_description": "### Hello! I'm Jonathan Mann! I've been writing, producing and sharing a Song A Day for 12 years. Now I'm making each one available as a unique NFT for the first time. Inspired by CryptoPunks, I've cataloged each Song A Day's attributes. Read more about [this](https://www.notion.so/Song-A-Day-NFT-eca353975b5e4ae6aaca375c1). **Some highlights from Song A Day:** - I hold the Guinness World Record For Most Consecutive Days Writing A Song. - I performed live on stage with Vitalik Buterin at DevCon. - I performed [live](https://www.youtube.com/watch?v=aW3e2vZT6Ys) on the Rachel Maddow show. - Steve Jobs used a [song](https://www.youtube.com/watch?v=xFyXoPi9FNs&t=8s) of mine to open an Apple press conference - Steve Wozniak's wife hired me to write the Woz a birthday song (twice). - [This song](https://twitter.com/songadaymann/status/1310706301643755526?s=20) was featured in the James Comey mini-series \"Fuck You, James Comey\". - My song Baby Yoda, Baby Baby Yoda went via TikTok.",
    "transaction_time": "2021-03-15T18:17:40",
    "eth_price": "500000000000000000",
    "eth_price_decimal": 18,
    "usd_price": 1791.702302,
    "usd_volume": 26244738810.0,
    "usd_marketcap": 206162000000.0,
    "media_filenames": [
        "06724.mp4"
    ],
    "has_audio_in_video": true,
    "price_class": 3,
    "price_bin_3_class": 1,
    "price_bin_20_class": 6,
    "price_bin_100_class": 34
}