{
    "id": 6751,
    "name": "Go To Sleep | Song A Day #00032",
    "description": "Jonathan in 2009 says, \"I'm going to keep going! Yay!! This one is about the fact that I've been dreaming a lot, and it feels like I'm more exhausted when I wake up then when I go to sleep.\" Go To Sleep Song A Day #32 First note sung: G C--------------- [verse] C G Am F I used to live with the granddaughter of the bicycle Schwinn C G Am F Joey, did I tell you that I saw your twin? Em Am Em C He was in the car behind me when we got into an accident Dm F G G7 It took a while to figure out that you'd been separated at birth C G Am F I often have dreams about driving forward but in reverse C G Am F I wake up in a panic and my eyes hurt Em Am Em C Driving down an icy road like those I used to know Dm F G G7 It's not hard to figure out that it's all about feeling out of control [chorus] C G \"I'm afraid to go to sleep,\" C G Said the fox to the hen, to the sheep C---AmG X2 [verse] C G Am F Had a dream about Christ, I dreamt he could fly C G Am F Then I was flying too, and I looked in his eye Em Am Em C He told me not to wait too long, I was thirteen at the time Dm F G G7 I'm twenty-six now which makes that thirteen years ago C G Am F I don't know why foxes and I don't know why hens C G Am F Lately all my dreams have been too intense Em Am Em C I don't know what he meant by that, I'm not sure that I ever will Dm F G G7 It stuck with me through all these years and I think it's important [chorus] C G \"I'm afraid to go to sleep,\" C G Said the fox to the hen, to the sheep C Go to sleep, go to sleep Go to sleep, go to sleep Go to sleep, go to sleep Go to sleep, go to sleep",
    "collection_name": "Song A Day",
    "collection_description": "### Hello! I'm Jonathan Mann! I've been writing, producing and sharing a Song A Day for 12 years. Now I'm making each one available as a unique NFT for the first time. Inspired by CryptoPunks, I've cataloged each Song A Day's attributes. Read more about [this](https://www.notion.so/Song-A-Day-NFT-eca353975b5e4ae6aaca375c1). **Some highlights from Song A Day:** - I hold the Guinness World Record For Most Consecutive Days Writing A Song. - I performed live on stage with Vitalik Buterin at DevCon. - I performed [live](https://www.youtube.com/watch?v=aW3e2vZT6Ys) on the Rachel Maddow show. - Steve Jobs used a [song](https://www.youtube.com/watch?v=xFyXoPi9FNs&t=8s) of mine to open an Apple press conference - Steve Wozniak's wife hired me to write the Woz a birthday song (twice). - [This song](https://twitter.com/songadaymann/status/1310706301643755526?s=20) was featured in the James Comey mini-series \"Fuck You, James Comey\". - My song Baby Yoda, Baby Baby Yoda went via TikTok.",
    "transaction_time": "2021-03-15T19:05:10",
    "eth_price": "100000000000000000",
    "eth_price_decimal": 18,
    "usd_price": 1791.702302,
    "usd_volume": 26244738810.0,
    "usd_marketcap": 206162000000.0,
    "media_filenames": [
        "06751.mp4"
    ],
    "has_audio_in_video": true,
    "price_class": 1,
    "price_bin_3_class": 0,
    "price_bin_20_class": 3,
    "price_bin_100_class": 17
}