{
    "id": 6808,
    "name": "The Close | Song A Day #00090",
    "description": "Jonathan from 2009 says, \"This is a song written for a Canadian financial news program called \"The Close\". It's on this channel called BNN, which is the equivalent of CNBC. I think they're having me on on friday.\" Andy Bell, I like the way you talk Oh yeah! Kim Parlee, I think youre super hot Wah, oh! You give me financial news and stock advice You got a segment you call Stars and Dogs So nice! You both know what youre talking about You got a chemistry that makes me smile On The Close The Close A Canadian knows for economic woes theres The Close On The Close The Close Strike a bull or bear pose Through the highs and the lows theres The Close Thats The Close!",
    "collection_name": "Song A Day",
    "collection_description": "### Hello! I'm Jonathan Mann! I've been writing, producing and sharing a Song A Day for 12 years. Now I'm making each one available as a unique NFT for the first time. Inspired by CryptoPunks, I've cataloged each Song A Day's attributes. Read more about [this](https://www.notion.so/Song-A-Day-NFT-eca353975b5e4ae6aaca375c1). **Some highlights from Song A Day:** - I hold the Guinness World Record For Most Consecutive Days Writing A Song. - I performed live on stage with Vitalik Buterin at DevCon. - I performed [live](https://www.youtube.com/watch?v=aW3e2vZT6Ys) on the Rachel Maddow show. - Steve Jobs used a [song](https://www.youtube.com/watch?v=xFyXoPi9FNs&t=8s) of mine to open an Apple press conference - Steve Wozniak's wife hired me to write the Woz a birthday song (twice). - [This song](https://twitter.com/songadaymann/status/1310706301643755526?s=20) was featured in the James Comey mini-series \"Fuck You, James Comey\". - My song Baby Yoda, Baby Baby Yoda went via TikTok.",
    "transaction_time": "2021-03-15T19:07:05",
    "eth_price": "100000000000000000",
    "eth_price_decimal": 18,
    "usd_price": 1791.702302,
    "usd_volume": 26244738810.0,
    "usd_marketcap": 206162000000.0,
    "media_filenames": [
        "06808.mp4"
    ],
    "has_audio_in_video": true,
    "price_class": 1,
    "price_bin_3_class": 0,
    "price_bin_20_class": 3,
    "price_bin_100_class": 17
}