{
    "id": 6831,
    "name": "Spintown | Song A Day #00113",
    "description": "Jonathan from 2009 says, \"This is a song request from Travis Langworthy of www.spintown79.blogspot.com. He wanted a theme song! I got the archival square-dance footage from www.archive.org!! Awesome!\" Welcome to Spintown Song a Day #114 First Singing Note: G G Em (x6) G E Summer is melting hearts G E Were dancing and making art D C Toiling in the garden Bm D G And the fairy woodland creatures welcome you to Spintown G E Spintown (welcome you to Spintown) G E Spintown [verse] Youtube jungle navigated, traversed Where music and dance fall face first Curated and presented, hungry, unrelenting Representing one mans vision of the best thats being offered [chorus] Spintown! Spintown (spin, spin, spin, spin) Spintown (welcome you to Spintown) G G Em G (Bum bum bum bum bum bum bum) 1, 2, 3, 4 [chorus x3] Spintown (welcome you to Spintown) x4 We welcome you to Spintown Welcome!",
    "collection_name": "Song A Day",
    "collection_description": "### Hello! I'm Jonathan Mann! I've been writing, producing and sharing a Song A Day for 12 years. Now I'm making each one available as a unique NFT for the first time. Inspired by CryptoPunks, I've cataloged each Song A Day's attributes. Read more about [this](https://www.notion.so/Song-A-Day-NFT-eca353975b5e4ae6aaca375c1). **Some highlights from Song A Day:** - I hold the Guinness World Record For Most Consecutive Days Writing A Song. - I performed live on stage with Vitalik Buterin at DevCon. - I performed [live](https://www.youtube.com/watch?v=aW3e2vZT6Ys) on the Rachel Maddow show. - Steve Jobs used a [song](https://www.youtube.com/watch?v=xFyXoPi9FNs&t=8s) of mine to open an Apple press conference - Steve Wozniak's wife hired me to write the Woz a birthday song (twice). - [This song](https://twitter.com/songadaymann/status/1310706301643755526?s=20) was featured in the James Comey mini-series \"Fuck You, James Comey\". - My song Baby Yoda, Baby Baby Yoda went via TikTok.",
    "transaction_time": "2021-03-15T19:17:06",
    "eth_price": "100000000000000000",
    "eth_price_decimal": 18,
    "usd_price": 1791.702302,
    "usd_volume": 26244738810.0,
    "usd_marketcap": 206162000000.0,
    "media_filenames": [
        "06831.mp4"
    ],
    "has_audio_in_video": true,
    "price_class": 1,
    "price_bin_3_class": 0,
    "price_bin_20_class": 3,
    "price_bin_100_class": 17
}