{
    "id": 6909,
    "name": "I'm From Vermont | Song A Day #00192",
    "description": "Jonathan from 2009 says, \"A song about the state in which I grew up. A magical place where the roads are dirt, the mountains are green and anything is possible.\"",
    "collection_name": "Song A Day",
    "collection_description": "### Hello! I'm Jonathan Mann! I've been writing, producing and sharing a Song A Day for 12 years. Now I'm making each one available as a unique NFT for the first time. Inspired by CryptoPunks, I've cataloged each Song A Day's attributes. Read more about [this](https://www.notion.so/Song-A-Day-NFT-eca353975b5e4ae6aaca375c1). **Some highlights from Song A Day:** - I hold the Guinness World Record For Most Consecutive Days Writing A Song. - I performed live on stage with Vitalik Buterin at DevCon. - I performed [live](https://www.youtube.com/watch?v=aW3e2vZT6Ys) on the Rachel Maddow show. - Steve Jobs used a [song](https://www.youtube.com/watch?v=xFyXoPi9FNs&t=8s) of mine to open an Apple press conference - Steve Wozniak's wife hired me to write the Woz a birthday song (twice). - [This song](https://twitter.com/songadaymann/status/1310706301643755526?s=20) was featured in the James Comey mini-series \"Fuck You, James Comey\". - My song Baby Yoda, Baby Baby Yoda went via TikTok.",
    "transaction_time": "2021-03-15T19:12:56",
    "eth_price": "100000000000000000",
    "eth_price_decimal": 18,
    "usd_price": 1791.702302,
    "usd_volume": 26244738810.0,
    "usd_marketcap": 206162000000.0,
    "media_filenames": [
        "06909.mp4"
    ],
    "has_audio_in_video": true,
    "price_class": 1,
    "price_bin_3_class": 0,
    "price_bin_20_class": 3,
    "price_bin_100_class": 17
}