{
    "id": 7147,
    "name": "Florida Animal Safari Happy Fun Danger Whoa! | Song A Day #441",
    "description": "\"there's a lion on the prowl this thing is staring at us this ostrich is blocking the road rhinos staying out of the rain zebras!!! giraffes!!!! wildebeasts! long horns!! there's a lion growling this thing runs the other way ostrich says you shall not pass rhinos seem like dinoaurs zebras!!! giraffes!!!! wildebeasts! long horns!!\"",
    "collection_name": "Song A Day",
    "collection_description": "### Hello! I'm Jonathan Mann! I've been writing, producing and sharing a Song A Day for 12 years. Now I'm making each one available as a unique NFT for the first time. Inspired by CryptoPunks, I've cataloged each Song A Day's attributes. Read more about [this](https://www.notion.so/Song-A-Day-NFT-eca353975b5e4ae6aaca375c1). **Some highlights from Song A Day:** - I hold the Guinness World Record For Most Consecutive Days Writing A Song. - I performed live on stage with Vitalik Buterin at DevCon. - I performed [live](https://www.youtube.com/watch?v=aW3e2vZT6Ys) on the Rachel Maddow show. - Steve Jobs used a [song](https://www.youtube.com/watch?v=xFyXoPi9FNs&t=8s) of mine to open an Apple press conference - Steve Wozniak's wife hired me to write the Woz a birthday song (twice). - [This song](https://twitter.com/songadaymann/status/1310706301643755526?s=20) was featured in the James Comey mini-series \"Fuck You, James Comey\". - My song Baby Yoda, Baby Baby Yoda went via TikTok.",
    "transaction_time": "2021-06-06T05:33:39",
    "eth_price": "120000000000000000",
    "eth_price_decimal": 18,
    "usd_price": 2715.092661,
    "usd_volume": 25311639414.0,
    "usd_marketcap": 315454000000.0,
    "media_filenames": [
        "07147.mp4"
    ],
    "has_audio_in_video": true,
    "price_class": 2,
    "price_bin_3_class": 0,
    "price_bin_20_class": 5,
    "price_bin_100_class": 27
}