{
    "id": 8113,
    "name": "I'm Spottie (Emo Edition)",
    "description": "\"I'm Spottie\" is the debut album from the best (only) CryptoPunk rapper alive, Spottie WiFi. Owners of NFTs from the \"I'm Spottie\" The Album collection have a limited non-exclusive copyright license to the music and artwork that comprise the NFTs they own (please visit www.SpottieLicense.com for complete terms and conditions). NFTs from this collection also grant voting rights to token holders, who will be called upon by Spottie to vote on important decisions he will make throughout his career. Visit www.SpottieWiFi.com for more details.",
    "collection_name": "\"I'm Spottie\"",
    "collection_description": "Debut album from the best (only) CryptoPunk rapper alive. In November, token holders will be able to sign up to receive a vinyl pressing of the album (will ship in December). #imSpottie",
    "transaction_time": "2021-08-18T19:40:14",
    "eth_price": "110000000000000000",
    "eth_price_decimal": 18,
    "usd_price": 3020.09,
    "usd_volume": 21539248425.0,
    "usd_marketcap": 353837223420.0,
    "media_filenames": [
        "08113.mp3",
        "08113.jpg"
    ],
    "has_audio_in_video": false,
    "price_class": 2,
    "price_bin_3_class": 0,
    "price_bin_20_class": 5,
    "price_bin_100_class": 27
}