{
    "id": 8435,
    "name": "SENTIENT ART AI #3",
    "description": "EDITION 3/15 Theme: Horror. Using Taming Transformers and Contrastive Language Image Pre-training to generate images from text with the addition of Octaves. In collaboration with Zeph.",
    "collection_name": "SuperRare",
    "collection_description": "SuperRare makes it easy to create, sell, and collect rare digital art. SuperRare's smart contract platform allows artists to release limited-edition digital artwork tracked on the blockchain, making the pieces rare, verified, and collectible. Filter the crypto art world's best selling works by artist name, creation type, and year of birth on OpenSea.",
    "transaction_time": "2021-06-19T05:55:39",
    "eth_price": "671000000000000000",
    "eth_price_decimal": 18,
    "usd_price": 2178.499139,
    "usd_volume": 18765854896.0,
    "usd_marketcap": 253490000000.0,
    "media_filenames": [
        "08435.gif"
    ],
    "has_audio_in_video": false,
    "price_class": 3,
    "price_bin_3_class": 1,
    "price_bin_20_class": 7,
    "price_bin_100_class": 36
}