{
    "id": 8449,
    "name": "The Crawlers",
    "description": "Lost in the depths of the dark forest, children came across the search bots squad.",
    "collection_name": "SuperRare",
    "collection_description": "SuperRare makes it easy to create, sell, and collect rare digital art. SuperRare's smart contract platform allows artists to release limited-edition digital artwork tracked on the blockchain, making the pieces rare, verified, and collectible. Filter the crypto art world's best selling works by artist name, creation type, and year of birth on OpenSea.",
    "transaction_time": "2021-07-28T18:24:52",
    "eth_price": "3000000000000000000",
    "eth_price_decimal": 18,
    "usd_price": 2296.55,
    "usd_volume": 18991302378.0,
    "usd_marketcap": 268421055914.0,
    "media_filenames": [
        "08449.gif"
    ],
    "has_audio_in_video": false,
    "price_class": 5,
    "price_bin_3_class": 1,
    "price_bin_20_class": 11,
    "price_bin_100_class": 57
}