{
    "id": 8514,
    "name": "Albino Twins - The Pentland Experiment",
    "description": "The Pentland Experiment is an on-going project which depicts an alternative reality on the outskirts of Edinburgh. Using electronic techniques, which converge the digital and physical, Harman creates abstracted motifs within sparse landscapes. Figures and structures are deliberately burred from the viewer in these highly staged algorithmic compositions. Within the corruption of the digital, there is a break up of information, which leaves the viewer flickering between abstraction and figuration",
    "collection_name": "SuperRare",
    "collection_description": "SuperRare makes it easy to create, sell, and collect rare digital art. SuperRare's smart contract platform allows artists to release limited-edition digital artwork tracked on the blockchain, making the pieces rare, verified, and collectible. Filter the crypto art world's best selling works by artist name, creation type, and year of birth on OpenSea.",
    "transaction_time": "2020-07-21T10:36:21",
    "eth_price": "1000000000000000000",
    "eth_price_decimal": 18,
    "usd_price": 245.01672850000003,
    "usd_volume": 6806696015.0,
    "usd_marketcap": 27406496758.0,
    "media_filenames": [
        "08514.jpg"
    ],
    "has_audio_in_video": false,
    "price_class": 2,
    "price_bin_3_class": 0,
    "price_bin_20_class": 4,
    "price_bin_100_class": 23
}