{
    "id": 8521,
    "name": "Moira STEEL Stage Series",
    "description": "#cicatriciebaci is a narrative and interactive project that tells stories of human scars; they are the past wounds, embroidered into your life, experiences that have shaped and empowered you. In sharing your scars and stories with the narrator, we embark on a visual journey of self-discovery and create a new story we can share with the world. The stories unfold together, while evoking emotions very personal to each storyteller. www.cicatriciebaci.com",
    "collection_name": "SuperRare",
    "collection_description": "SuperRare makes it easy to create, sell, and collect rare digital art. SuperRare's smart contract platform allows artists to release limited-edition digital artwork tracked on the blockchain, making the pieces rare, verified, and collectible. Filter the crypto art world's best selling works by artist name, creation type, and year of birth on OpenSea.",
    "transaction_time": "2020-05-03T16:03:43",
    "eth_price": "1000000000000000000",
    "eth_price_decimal": 18,
    "usd_price": 210.9331569,
    "usd_volume": 20469034664.0,
    "usd_marketcap": 23367177867.0,
    "media_filenames": [
        "08521.jpg"
    ],
    "has_audio_in_video": false,
    "price_class": 2,
    "price_bin_3_class": 0,
    "price_bin_20_class": 4,
    "price_bin_100_class": 21
}