{
    "id": 8545,
    "name": "Iro dreams of freedom",
    "description": "Iro grow up in mountain in Eskgonia, dream one day fly like bird. Like America bird. Where computer make faces and block chain make liberty. Plus federal pay.",
    "collection_name": "SuperRare",
    "collection_description": "SuperRare makes it easy to create, sell, and collect rare digital art. SuperRare's smart contract platform allows artists to release limited-edition digital artwork tracked on the blockchain, making the pieces rare, verified, and collectible. Filter the crypto art world's best selling works by artist name, creation type, and year of birth on OpenSea.",
    "transaction_time": "2019-12-09T20:37:20",
    "eth_price": "100000000000000000",
    "eth_price_decimal": 18,
    "usd_price": 148.2251688,
    "usd_volume": 6744206747.0,
    "usd_marketcap": 16135631420.0,
    "media_filenames": [
        "08545.jpg"
    ],
    "has_audio_in_video": false,
    "price_class": 0,
    "price_bin_3_class": 0,
    "price_bin_20_class": 0,
    "price_bin_100_class": 0
}