{
    "id": 8631,
    "name": "Mao Waos",
    "description": "Deciding our own currency with a new Crypto High Tech Design and much to the federal Crypto dismay during the same day the P R C also came out with a new design on the fabled pinkly RMB note. Technologically advanced they say, GPS tracking, face scanning and urine samples. But its' rather comfabled, discombobulated, confounded and just quite quizzardly confusing. How can it be so similar? The artisticry, it's been stolen! Where has the money gone?",
    "collection_name": "SuperRare",
    "collection_description": "SuperRare makes it easy to create, sell, and collect rare digital art. SuperRare's smart contract platform allows artists to release limited-edition digital artwork tracked on the blockchain, making the pieces rare, verified, and collectible. Filter the crypto art world's best selling works by artist name, creation type, and year of birth on OpenSea.",
    "transaction_time": "2019-10-08T11:38:03",
    "eth_price": "350000000000000000",
    "eth_price_decimal": 18,
    "usd_price": 182.0215638,
    "usd_volume": 7466282780.0,
    "usd_marketcap": 19670825764.0,
    "media_filenames": [
        "08631.gif"
    ],
    "has_audio_in_video": false,
    "price_class": 0,
    "price_bin_3_class": 0,
    "price_bin_20_class": 1,
    "price_bin_100_class": 7
}