{
    "id": 8691,
    "name": "DOLLAR MANNEQUINS II",
    "description": "One by one, the Dollar Mannequins walk towards the promise of old money, projected on to their souls with the flickering warm glow of deception.",
    "collection_name": "SuperRare",
    "collection_description": "SuperRare makes it easy to create, sell, and collect rare digital art. SuperRare's smart contract platform allows artists to release limited-edition digital artwork tracked on the blockchain, making the pieces rare, verified, and collectible. Filter the crypto art world's best selling works by artist name, creation type, and year of birth on OpenSea.",
    "transaction_time": "2020-12-08T18:38:03",
    "eth_price": "700000000000000000",
    "eth_price_decimal": 18,
    "usd_price": 554.8277571000001,
    "usd_volume": 14398919320.0,
    "usd_marketcap": 63113292237.0,
    "media_filenames": [
        "08691.gif"
    ],
    "has_audio_in_video": false,
    "price_class": 3,
    "price_bin_3_class": 0,
    "price_bin_20_class": 6,
    "price_bin_100_class": 30
}