{
    "id": 8709,
    "name": "The Primenuum - 1 million",
    "description": "The Primenuum is a Prime Creature. From the brain of Hackatao and the code of HEX0x6C. Read the full story: https://medium.com/@massimo.franceschet/primenuum-3aa65dc196b1",
    "collection_name": "SuperRare",
    "collection_description": "SuperRare makes it easy to create, sell, and collect rare digital art. SuperRare's smart contract platform allows artists to release limited-edition digital artwork tracked on the blockchain, making the pieces rare, verified, and collectible. Filter the crypto art world's best selling works by artist name, creation type, and year of birth on OpenSea.",
    "transaction_time": "2019-12-10T10:49:23",
    "eth_price": "500000000000000000",
    "eth_price_decimal": 18,
    "usd_price": 146.267046,
    "usd_volume": 6859512025.0,
    "usd_marketcap": 15924221614.0,
    "media_filenames": [
        "08709.jpg"
    ],
    "has_audio_in_video": false,
    "price_class": 0,
    "price_bin_3_class": 0,
    "price_bin_20_class": 1,
    "price_bin_100_class": 8
}