{
    "id": 8759,
    "name": "L.A. LIVES",
    "description": "Digital people-watching from the Sidewalk Cafe. Black kohl eyes, hiding forgotten dreams. A flash of crowd painted against bright blue sky. L.A. Lives played out...",
    "collection_name": "SuperRare",
    "collection_description": "SuperRare makes it easy to create, sell, and collect rare digital art. SuperRare's smart contract platform allows artists to release limited-edition digital artwork tracked on the blockchain, making the pieces rare, verified, and collectible. Filter the crypto art world's best selling works by artist name, creation type, and year of birth on OpenSea.",
    "transaction_time": "2019-11-07T21:21:04",
    "eth_price": "450000000000000000",
    "eth_price_decimal": 18,
    "usd_price": 187.97654369999998,
    "usd_volume": 9081247799.0,
    "usd_marketcap": 20389037934.0,
    "media_filenames": [
        "08759.jpg"
    ],
    "has_audio_in_video": false,
    "price_class": 0,
    "price_bin_3_class": 0,
    "price_bin_20_class": 1,
    "price_bin_100_class": 9
}