{
    "id": 8787,
    "name": "",
    "description": "Press your cosmic save button for Osaka. Typhoon shall be returned to the last preferred location. Osaka Save!",
    "collection_name": "SuperRare",
    "collection_description": "SuperRare makes it easy to create, sell, and collect rare digital art. SuperRare's smart contract platform allows artists to release limited-edition digital artwork tracked on the blockchain, making the pieces rare, verified, and collectible. Filter the crypto art world's best selling works by artist name, creation type, and year of birth on OpenSea.",
    "transaction_time": "2020-08-08T04:48:12",
    "eth_price": "675000000000000000",
    "eth_price_decimal": 18,
    "usd_price": 393.98737610000006,
    "usd_volume": 9342060531.0,
    "usd_marketcap": 44166324646.0,
    "media_filenames": [
        "08787.gif"
    ],
    "has_audio_in_video": false,
    "price_class": 2,
    "price_bin_3_class": 0,
    "price_bin_20_class": 4,
    "price_bin_100_class": 24
}