{
    "id": 8802,
    "name": "_006",
    "description": "Also titled a 'pinky paradise of intestinal ecstasy'. Painting drawn from pencil drawing in a square book. As of this writing the book is not yet finished. Drawings to be used as paintings are chosen through a discussion between the artist and his partner. Work time spent on this painting is approximately 9 hours.",
    "collection_name": "SuperRare",
    "collection_description": "SuperRare makes it easy to create, sell, and collect rare digital art. SuperRare's smart contract platform allows artists to release limited-edition digital artwork tracked on the blockchain, making the pieces rare, verified, and collectible. Filter the crypto art world's best selling works by artist name, creation type, and year of birth on OpenSea.",
    "transaction_time": "2020-01-10T01:02:55",
    "eth_price": "2000000000000000000",
    "eth_price_decimal": 18,
    "usd_price": 143.9637812,
    "usd_volume": 9084816203.0,
    "usd_marketcap": 15724494553.0,
    "media_filenames": [
        "08802.jpg"
    ],
    "has_audio_in_video": false,
    "price_class": 2,
    "price_bin_3_class": 0,
    "price_bin_20_class": 5,
    "price_bin_100_class": 25
}