{
    "id": 8955,
    "name": "Burn In Hell",
    "description": "In religion and folklore, Hell is an afterlife location in which evil souls are subjected to punitive suffering, often torture as eternal punishment after death. Religions with a linear divine history often depict hells as eternal destinations, the biggest examples of which are Christianity and Islam, whereas religions with reincarnation usually depict a hell as an intermediary period between incarnations, as is the case in the dharmic religions. Religions typically locate hell in another dimension or under Earth's surface. Other afterlife destinations include Heaven, Paradise, Purgatory, Limbo, and the underworld. Other religions, which do not conceive of the afterlife as a place of punishment or reward, merely describe an abode of the dead, the grave, a neutral place that is located under the surface of Earth (Kur, Hades, and Sheol). Such places are sometimes equated with the English word 'hell', though a more correct translation would be 'underworld' or 'world of the dead'. The ancient Mesopotamian, Greek, Roman, and Finnic religions include entrances to the underworld from the land of the living.",
    "collection_name": "SuperRare",
    "collection_description": "SuperRare makes it easy to create, sell, and collect rare digital art. SuperRare's smart contract platform allows artists to release limited-edition digital artwork tracked on the blockchain, making the pieces rare, verified, and collectible. Filter the crypto art world's best selling works by artist name, creation type, and year of birth on OpenSea.",
    "transaction_time": "2019-11-06T19:43:51",
    "eth_price": "1500000000000000000",
    "eth_price_decimal": 18,
    "usd_price": 191.5938415,
    "usd_volume": 10156458684.0,
    "usd_marketcap": 20778894603.0,
    "media_filenames": [
        "08955.gif"
    ],
    "has_audio_in_video": false,
    "price_class": 2,
    "price_bin_3_class": 0,
    "price_bin_20_class": 5,
    "price_bin_100_class": 25
}