{
    "id": 9020,
    "name": "Lego Creation",
    "description": "Lego created by my son, digitized by me and then edited and layered.",
    "collection_name": "SuperRare",
    "collection_description": "SuperRare makes it easy to create, sell, and collect rare digital art. SuperRare's smart contract platform allows artists to release limited-edition digital artwork tracked on the blockchain, making the pieces rare, verified, and collectible. Filter the crypto art world's best selling works by artist name, creation type, and year of birth on OpenSea.",
    "transaction_time": "2019-11-12T17:06:13",
    "eth_price": "200000000000000000",
    "eth_price_decimal": 18,
    "usd_price": 186.8434116,
    "usd_volume": 7792186666.0,
    "usd_marketcap": 20278071676.0,
    "media_filenames": [
        "09020.gif"
    ],
    "has_audio_in_video": false,
    "price_class": 0,
    "price_bin_3_class": 0,
    "price_bin_20_class": 0,
    "price_bin_100_class": 3
}