{
    "id": 9043,
    "name": "Satoshi on the new TV",
    "description": "Video created with Lucho's augmented reality filter. The AR filter titled 'Satoshi mythos' uses the iconic Satoshi mask filled with a compilation of generally accepted and popular opinions surrounding the mythos of Satoshi Nakamoto, anonymous creator of Bitcoin. Video captured on instagram camera. Raw video edited for effects.",
    "collection_name": "SuperRare",
    "collection_description": "SuperRare makes it easy to create, sell, and collect rare digital art. SuperRare's smart contract platform allows artists to release limited-edition digital artwork tracked on the blockchain, making the pieces rare, verified, and collectible. Filter the crypto art world's best selling works by artist name, creation type, and year of birth on OpenSea.",
    "transaction_time": "2019-11-12T21:57:43",
    "eth_price": "600000000000000000",
    "eth_price_decimal": 18,
    "usd_price": 186.8434116,
    "usd_volume": 7792186666.0,
    "usd_marketcap": 20278071676.0,
    "media_filenames": [
        "09043.gif"
    ],
    "has_audio_in_video": false,
    "price_class": 1,
    "price_bin_3_class": 0,
    "price_bin_20_class": 2,
    "price_bin_100_class": 11
}