{
    "id": 9081,
    "name": "The Apex Meme",
    "description": "Similar to apex predators, which are at the top of the food chain in wildlife, Bitcoin is the apex meme of the internet. Even the Trump meme, one of the best memes of all time, will soon be dominated by the bitcoin meme.",
    "collection_name": "SuperRare",
    "collection_description": "SuperRare makes it easy to create, sell, and collect rare digital art. SuperRare's smart contract platform allows artists to release limited-edition digital artwork tracked on the blockchain, making the pieces rare, verified, and collectible. Filter the crypto art world's best selling works by artist name, creation type, and year of birth on OpenSea.",
    "transaction_time": "2019-11-21T04:55:45",
    "eth_price": "1127961165000000000",
    "eth_price_decimal": 18,
    "usd_price": 161.46272549999998,
    "usd_volume": 8546371325.0,
    "usd_marketcap": 17541867626.0,
    "media_filenames": [
        "09081.jpg"
    ],
    "has_audio_in_video": false,
    "price_class": 2,
    "price_bin_3_class": 0,
    "price_bin_20_class": 4,
    "price_bin_100_class": 20
}