{
    "id": 9151,
    "name": "VK_Crypto said:",
    "description": "This artwork wants to capture a moment of history of Cryptoart on SuperRare. It refers to a post by VK_Crypto, one of the top collectors who believed and invested since dawn in Cryptoart. In this post VK_crypto replies with this phrase to an attractive bid (7 ETH) of another top collector of the moment, Moderats, on an artwork by Coldie. I find so significant this post that I wanted to immortalize it with an artwork because it marks the emergence of a secondary market and in particular the belief that Cryptoart can become a movement that will make art history. HODL is the imperative. https://twitter.com/VK_Crypto/status/1195800509367672832",
    "collection_name": "SuperRare",
    "collection_description": "SuperRare makes it easy to create, sell, and collect rare digital art. SuperRare's smart contract platform allows artists to release limited-edition digital artwork tracked on the blockchain, making the pieces rare, verified, and collectible. Filter the crypto art world's best selling works by artist name, creation type, and year of birth on OpenSea.",
    "transaction_time": "2019-11-19T11:25:56",
    "eth_price": "7000000000000000000",
    "eth_price_decimal": 18,
    "usd_price": 177.4555454,
    "usd_volume": 7536699743.0,
    "usd_marketcap": 19274876583.0,
    "media_filenames": [
        "09151.gif"
    ],
    "has_audio_in_video": false,
    "price_class": 3,
    "price_bin_3_class": 1,
    "price_bin_20_class": 7,
    "price_bin_100_class": 35
}