{
    "id": 9160,
    "name": "Vitalyna Buterina",
    "description": "Exclusively on SuperRare, only 1 Edition to ever exist. A picture is worth a thousand words. A GIF is worth a book worth of words. And art is worth an entire library. Portraying Crypto Art at its best.",
    "collection_name": "SuperRare",
    "collection_description": "SuperRare makes it easy to create, sell, and collect rare digital art. SuperRare's smart contract platform allows artists to release limited-edition digital artwork tracked on the blockchain, making the pieces rare, verified, and collectible. Filter the crypto art world's best selling works by artist name, creation type, and year of birth on OpenSea.",
    "transaction_time": "2020-11-11T14:52:35",
    "eth_price": "1200000000000000000",
    "eth_price_decimal": 18,
    "usd_price": 462.9605277,
    "usd_volume": 14075403511.0,
    "usd_marketcap": 52493805532.0,
    "media_filenames": [
        "09160.gif"
    ],
    "has_audio_in_video": false,
    "price_class": 3,
    "price_bin_3_class": 0,
    "price_bin_20_class": 6,
    "price_bin_100_class": 33
}