{
    "id": 9186,
    "name": "Mnml.4",
    "description": "Created with a pix2pix model trained on minimal input data. Upscaled using the Image-Super-Resolution model in RunwayML.",
    "collection_name": "SuperRare",
    "collection_description": "SuperRare makes it easy to create, sell, and collect rare digital art. SuperRare's smart contract platform allows artists to release limited-edition digital artwork tracked on the blockchain, making the pieces rare, verified, and collectible. Filter the crypto art world's best selling works by artist name, creation type, and year of birth on OpenSea.",
    "transaction_time": "2020-07-27T22:02:42",
    "eth_price": "250000000000000000",
    "eth_price_decimal": 18,
    "usd_price": 321.5140882,
    "usd_volume": 15644257058.0,
    "usd_marketcap": 35989428749.0,
    "media_filenames": [
        "09186.jpg"
    ],
    "has_audio_in_video": false,
    "price_class": 0,
    "price_bin_3_class": 0,
    "price_bin_20_class": 1,
    "price_bin_100_class": 8
}