{
    "id": 9190,
    "name": "Digital Architecture No. 15",
    "description": "Digital picture architecture.",
    "collection_name": "SuperRare",
    "collection_description": "SuperRare makes it easy to create, sell, and collect rare digital art. SuperRare's smart contract platform allows artists to release limited-edition digital artwork tracked on the blockchain, making the pieces rare, verified, and collectible. Filter the crypto art world's best selling works by artist name, creation type, and year of birth on OpenSea.",
    "transaction_time": "2019-11-23T19:28:15",
    "eth_price": "550000000000000000",
    "eth_price_decimal": 18,
    "usd_price": 153.4177918,
    "usd_volume": 8289198330.0,
    "usd_marketcap": 16671705910.0,
    "media_filenames": [
        "09190.gif"
    ],
    "has_audio_in_video": false,
    "price_class": 0,
    "price_bin_3_class": 0,
    "price_bin_20_class": 1,
    "price_bin_100_class": 9
}