{
    "id": 9215,
    "name": "London - Berlin - Rome - III",
    "description": "frequent travelers If you have to travel a lot around the world on business, you get to know many countries and cities, right? Nope. Travelling, meeting, socialization, hotel, meeting, travelling - always the same procedure. Be it London, Berlin or Rome: Same meeting rooms, hotels, cabs, busses, trains, airports. Hardly any leeway to get to know 'country and people'. Nowadays there is simply no time and leisure to actually get to know the cities you work in. It's all about getting to successfully attend the next meeting with your colleagues. No matter where. --------------------------- Vielreisende Muss man geschftlich viel in der Welt herumreisen, lernt man viele Lnder und Stdte kennen, richtig? Falsch. Anreise, Meeting, Sozialisierung, Hotel, Meeting, Abreise - immer der gleiche Ablauf. Ob London, Berlin oder Rom: die gleichen Meetingsrume, Hotels, Taxis, Busse, Bahnen, Flughfen. Kaum Spielraum, 'Land und Leute' kennenzulernen. Es bleibt heutzutage bleibt einfach keine Zeit und Mue, die Stdte in denen man arbeitet, tatschlich kennenzulernen. Stets geht es nur darum, das nchste Meeting mit den Kolleginnen erfolgreich wahrzunehmen. Egal wo.",
    "collection_name": "SuperRare",
    "collection_description": "SuperRare makes it easy to create, sell, and collect rare digital art. SuperRare's smart contract platform allows artists to release limited-edition digital artwork tracked on the blockchain, making the pieces rare, verified, and collectible. Filter the crypto art world's best selling works by artist name, creation type, and year of birth on OpenSea.",
    "transaction_time": "2020-07-18T20:17:30",
    "eth_price": "125000000000000000",
    "eth_price_decimal": 18,
    "usd_price": 235.48380519999998,
    "usd_volume": 5397402117.0,
    "usd_marketcap": 26330601164.0,
    "media_filenames": [
        "09215.jpg"
    ],
    "has_audio_in_video": false,
    "price_class": 0,
    "price_bin_3_class": 0,
    "price_bin_20_class": 0,
    "price_bin_100_class": 2
}