{
    "id": 9225,
    "name": "They came for the beats",
    "description": "When the space triangles took over the earth, it wasnt for resources or power. They showed up for the beats. But that was fine for DJ straight edge. He only had one rule; he didn't play for squares.",
    "collection_name": "SuperRare",
    "collection_description": "SuperRare makes it easy to create, sell, and collect rare digital art. SuperRare's smart contract platform allows artists to release limited-edition digital artwork tracked on the blockchain, making the pieces rare, verified, and collectible. Filter the crypto art world's best selling works by artist name, creation type, and year of birth on OpenSea.",
    "transaction_time": "2019-11-22T14:22:46",
    "eth_price": "750000000000000000",
    "eth_price_decimal": 18,
    "usd_price": 150.268171,
    "usd_volume": 12020749863.0,
    "usd_marketcap": 16327536038.0,
    "media_filenames": [
        "09225.gif"
    ],
    "has_audio_in_video": false,
    "price_class": 1,
    "price_bin_3_class": 0,
    "price_bin_20_class": 2,
    "price_bin_100_class": 11
}