{
    "id": 9222,
    "name": "Parnu Court",
    "description": "5/5 - This mini-series of die shots is a consideration on Justice and AI. The die or processor die is a rectangular pattern on a wafer that contains circuitry to perform a specific function. Each piece of the series is a picture of a piece of hardware invented by AI algorithms. Each shot represents a justice court in Estonia, one of the first country to try e-justice. We thus invite you in the justice court of the future: a small piece of hardware which will decide your faith. Let's hope the decision is fair !",
    "collection_name": "SuperRare",
    "collection_description": "SuperRare makes it easy to create, sell, and collect rare digital art. SuperRare's smart contract platform allows artists to release limited-edition digital artwork tracked on the blockchain, making the pieces rare, verified, and collectible. Filter the crypto art world's best selling works by artist name, creation type, and year of birth on OpenSea.",
    "transaction_time": "2021-07-12T22:14:32",
    "eth_price": "3500000000000000000",
    "eth_price_decimal": 18,
    "usd_price": 2036.72,
    "usd_volume": 17768129077.0,
    "usd_marketcap": 237619933340.0,
    "media_filenames": [
        "09222.jpg"
    ],
    "has_audio_in_video": false,
    "price_class": 5,
    "price_bin_3_class": 1,
    "price_bin_20_class": 11,
    "price_bin_100_class": 58
}