{
    "id": 9265,
    "name": "Winklevoss twins - Decentral Eyes - Variant 02",
    "description": "Tyler and Cameron Winklevoss' Gemini recently purchased Nifty Gateway, staking their belief that digital collectibles including crypto art and NFTs will be a major sector of the blockchain ecosystem. Size: 1152px x 1440px",
    "collection_name": "SuperRare",
    "collection_description": "SuperRare makes it easy to create, sell, and collect rare digital art. SuperRare's smart contract platform allows artists to release limited-edition digital artwork tracked on the blockchain, making the pieces rare, verified, and collectible. Filter the crypto art world's best selling works by artist name, creation type, and year of birth on OpenSea.",
    "transaction_time": "2019-12-15T22:28:39",
    "eth_price": "3000000000000000000",
    "eth_price_decimal": 18,
    "usd_price": 143.11498980000002,
    "usd_volume": 7235153411.0,
    "usd_marketcap": 15589117504.0,
    "media_filenames": [
        "09265.gif"
    ],
    "has_audio_in_video": false,
    "price_class": 3,
    "price_bin_3_class": 0,
    "price_bin_20_class": 6,
    "price_bin_100_class": 31
}