{
    "id": 9276,
    "name": "t",
    "description": "Lady Elizabeth was an Electric noblewoman and member of the Riocondo family of Nu-Florence. Her name was given to the 'Lady Electriocondo,' her portrait commissioned by her husband and rendered by Robness Cyberpop during the Electric Renaissance.",
    "collection_name": "SuperRare",
    "collection_description": "SuperRare makes it easy to create, sell, and collect rare digital art. SuperRare's smart contract platform allows artists to release limited-edition digital artwork tracked on the blockchain, making the pieces rare, verified, and collectible. Filter the crypto art world's best selling works by artist name, creation type, and year of birth on OpenSea.",
    "transaction_time": "2019-12-27T07:27:13",
    "eth_price": "66000000000000000",
    "eth_price_decimal": 18,
    "usd_price": 127.21461090000001,
    "usd_volume": 8299390176.0,
    "usd_marketcap": 13873046817.0,
    "media_filenames": [
        "09276.gif"
    ],
    "has_audio_in_video": false,
    "price_class": 0,
    "price_bin_3_class": 0,
    "price_bin_20_class": 0,
    "price_bin_100_class": 0
}