{
    "id": 9284,
    "name": "Robness - (Hold On)",
    "description": "This is cover art for a song I made that is now on Bandcamp/Soundcloud. I submitted to Blair Renaud, developer of 'Low-Fi' a virtual reality game based in a Cyberpunk world. Not %100 certain if it's gonna make it in the game but it's in development as we speak. I am submitting this to break the rules of what is currently known both in the art world and the music world. To fuse both mediums into one fine art aspect and be a concrete and rareified artistic medium in its own right. I present this piece as a truly objectified piece of artwork, that is both music and art at the very same time. The song is available for free to enjoy on Bandcamp, the visual element that you see here however.....is up to bid as a completion to the art piece as a whole. The first of many but here is my experiment in crypto, music and art as a whole presentation. Also could be the first foray into Gif music album art as well. Music Track is here(also free to download) https://robness.bandcamp.com/track/h-o-l-d-o-n",
    "collection_name": "SuperRare",
    "collection_description": "SuperRare makes it easy to create, sell, and collect rare digital art. SuperRare's smart contract platform allows artists to release limited-edition digital artwork tracked on the blockchain, making the pieces rare, verified, and collectible. Filter the crypto art world's best selling works by artist name, creation type, and year of birth on OpenSea.",
    "transaction_time": "2020-08-08T04:49:57",
    "eth_price": "870000000000000000",
    "eth_price_decimal": 18,
    "usd_price": 393.98737610000006,
    "usd_volume": 9342060531.0,
    "usd_marketcap": 44166324646.0,
    "media_filenames": [
        "09284.gif"
    ],
    "has_audio_in_video": false,
    "price_class": 2,
    "price_bin_3_class": 0,
    "price_bin_20_class": 5,
    "price_bin_100_class": 28
}