{
    "id": 9309,
    "name": "Rare Digital Date Quality",
    "description": "Getting priorities straight is essential to every great relationship, as everyone in the cryptoart, rare digital art, NFT, scene knows. In fact, some may even say that the only thing more volatile than cryptocurrency is... love. And they are both so worth it! Joe Chiappetta",
    "collection_name": "SuperRare",
    "collection_description": "SuperRare makes it easy to create, sell, and collect rare digital art. SuperRare's smart contract platform allows artists to release limited-edition digital artwork tracked on the blockchain, making the pieces rare, verified, and collectible. Filter the crypto art world's best selling works by artist name, creation type, and year of birth on OpenSea.",
    "transaction_time": "2019-11-26T15:49:44",
    "eth_price": "350000000000000000",
    "eth_price_decimal": 18,
    "usd_price": 148.96506619999997,
    "usd_volume": 7648516297.0,
    "usd_marketcap": 16193326033.0,
    "media_filenames": [
        "09309.gif"
    ],
    "has_audio_in_video": false,
    "price_class": 0,
    "price_bin_3_class": 0,
    "price_bin_20_class": 1,
    "price_bin_100_class": 5
}