{
    "id": 9398,
    "name": "(Printing Network Money)",
    "description": "Quite simply put, I forked Bitcoin into its 69th chain primarily because I did not agree with the last 68 propositions and monetary philosophies. I use an X1000 hashing algorithm and it's also proof of armchair trolling. We start our ICO very soon and please be sure to send your investment into this anonymous address very soon. If you have problems with our pre-mining please refer to our ANN and we will gladly not answer any of your questions.",
    "collection_name": "SuperRare",
    "collection_description": "SuperRare makes it easy to create, sell, and collect rare digital art. SuperRare's smart contract platform allows artists to release limited-edition digital artwork tracked on the blockchain, making the pieces rare, verified, and collectible. Filter the crypto art world's best selling works by artist name, creation type, and year of birth on OpenSea.",
    "transaction_time": "2020-08-08T04:48:20",
    "eth_price": "665000000000000000",
    "eth_price_decimal": 18,
    "usd_price": 393.98737610000006,
    "usd_volume": 9342060531.0,
    "usd_marketcap": 44166324646.0,
    "media_filenames": [
        "09398.gif"
    ],
    "has_audio_in_video": false,
    "price_class": 2,
    "price_bin_3_class": 0,
    "price_bin_20_class": 4,
    "price_bin_100_class": 24
}