{
    "id": 9428,
    "name": "IDoP2072",
    "description": "The IDoP (Intergalactic Declaration of Peace) proposed in the year 2072 was the first attempt to unite humanity to the invading alien race know as Amanto from the Andromeda galaxy",
    "collection_name": "SuperRare",
    "collection_description": "SuperRare makes it easy to create, sell, and collect rare digital art. SuperRare's smart contract platform allows artists to release limited-edition digital artwork tracked on the blockchain, making the pieces rare, verified, and collectible. Filter the crypto art world's best selling works by artist name, creation type, and year of birth on OpenSea.",
    "transaction_time": "2019-12-03T02:53:09",
    "eth_price": "50000000000000000",
    "eth_price_decimal": 18,
    "usd_price": 147.95641519999998,
    "usd_volume": 6204379850.0,
    "usd_marketcap": 16095928402.0,
    "media_filenames": [
        "09428.jpg"
    ],
    "has_audio_in_video": false,
    "price_class": 0,
    "price_bin_3_class": 0,
    "price_bin_20_class": 0,
    "price_bin_100_class": 0
}