{
    "id": 9452,
    "name": "Digital Landscape No. 05",
    "description": "Build your own world.",
    "collection_name": "SuperRare",
    "collection_description": "SuperRare makes it easy to create, sell, and collect rare digital art. SuperRare's smart contract platform allows artists to release limited-edition digital artwork tracked on the blockchain, making the pieces rare, verified, and collectible. Filter the crypto art world's best selling works by artist name, creation type, and year of birth on OpenSea.",
    "transaction_time": "2019-12-05T00:25:34",
    "eth_price": "2000000000000000000",
    "eth_price_decimal": 18,
    "usd_price": 149.2489946,
    "usd_volume": 6745910228.0,
    "usd_marketcap": 16240052430.0,
    "media_filenames": [
        "09452.gif"
    ],
    "has_audio_in_video": false,
    "price_class": 2,
    "price_bin_3_class": 0,
    "price_bin_20_class": 5,
    "price_bin_100_class": 26
}