{
    "id": 9489,
    "name": "Banned In China 1.05",
    "description": "6th of a Series of 100 works that can be used as virtual flags in various Ethereum and other blockchain world environments. Make a virtual statement and be proud of being banned in China, it's how freedom rings. I also developed it with a slight nod to the 90s 'Parental Advisory' sticker so feel free to stick it on your meta-building and be proud of resisting human oppression, wherever it may come from.",
    "collection_name": "SuperRare",
    "collection_description": "SuperRare makes it easy to create, sell, and collect rare digital art. SuperRare's smart contract platform allows artists to release limited-edition digital artwork tracked on the blockchain, making the pieces rare, verified, and collectible. Filter the crypto art world's best selling works by artist name, creation type, and year of birth on OpenSea.",
    "transaction_time": "2019-12-27T08:31:30",
    "eth_price": "130000000000000000",
    "eth_price_decimal": 18,
    "usd_price": 127.21461090000001,
    "usd_volume": 8299390176.0,
    "usd_marketcap": 13873046817.0,
    "media_filenames": [
        "09489.gif"
    ],
    "has_audio_in_video": false,
    "price_class": 0,
    "price_bin_3_class": 0,
    "price_bin_20_class": 0,
    "price_bin_100_class": 1
}