{
    "id": 9503,
    "name": "Posing for the Algorithm #2",
    "description": "A series of works that try to draw sensuality and sexuality out of artificial intelligence GAN renderings and also mixes with the pop art practice.",
    "collection_name": "SuperRare",
    "collection_description": "SuperRare makes it easy to create, sell, and collect rare digital art. SuperRare's smart contract platform allows artists to release limited-edition digital artwork tracked on the blockchain, making the pieces rare, verified, and collectible. Filter the crypto art world's best selling works by artist name, creation type, and year of birth on OpenSea.",
    "transaction_time": "2020-05-03T14:55:04",
    "eth_price": "450000000000000000",
    "eth_price_decimal": 18,
    "usd_price": 210.9331569,
    "usd_volume": 20469034664.0,
    "usd_marketcap": 23367177867.0,
    "media_filenames": [
        "09503.jpg"
    ],
    "has_audio_in_video": false,
    "price_class": 1,
    "price_bin_3_class": 0,
    "price_bin_20_class": 2,
    "price_bin_100_class": 10
}