{
    "id": 9601,
    "name": "#9727",
    "description": "SHIBOSHIS - Official Collection",
    "collection_name": "THE SHIBOSHIS",
    "collection_description": "SHIBOSHIS are 10,000 lovable Shiba Inu generated Non Fungible Tokens (NFTS) eternally written on the Ethereum blockchain. These Shibs have varying traits that make each unique and collectible (for instance Laser Eyes or Party Hat). Furthermore, each trait corresponds to an enhancement of the base ShibaStrength of the Shiboshi in our upcoming Shiboshi Game. Youll be able to purchase, and trade these SHIBOSHIS here and at ShibaSwap without fees. These are the official SHIBOSHIS of the Shiba Inu decentralized community as seen on Forbes, Wall St. Journal, Fortune, CNN, MSNBC and just about everywhere else. Beware of scams.",
    "transaction_time": "2021-10-14T23:21:31",
    "eth_price": "950000000000000000",
    "eth_price_decimal": 18,
    "usd_price": 3786.01,
    "usd_volume": 19443499909.0,
    "usd_marketcap": 446474897131.0,
    "media_filenames": [
        "09601.jpg"
    ],
    "has_audio_in_video": false,
    "price_class": 4,
    "price_bin_3_class": 1,
    "price_bin_20_class": 9,
    "price_bin_100_class": 46
}