{
    "id": 9661,
    "name": "Boss Bobcat",
    "description": "This token is verifiable for admission to VeeCon 2022, 2023, 2024 This token is a collectible that lives on the Ethereum blockchain Additional Content: - [Character Vector](https://cdn.veefriends.com/f6pXbdBrDkgJjmSV-_XTrDCsS97-QXp2H6Yu0fLSCB0/3053.svg) - [Character Image](https://cdn.veefriends.com/f6pXbdBrDkgJjmSV-_XTrDCsS97-QXp2H6Yu0fLSCB0/4017.png) - [Character Creation Video](https://cdn.veefriends.com/f6pXbdBrDkgJjmSV-_XTrDCsS97-QXp2H6Yu0fLSCB0/7.mp4) - [Character with Gary Vaynerchuk](https://cdn.veefriends.com/JmP7VWsSVjpM0VOOaHVmkPIcD1pP0YrYor8NYh3o10I/2.jpg)",
    "collection_name": "VeeFriends",
    "collection_description": "A Gary Vaynerchuk NFT project around meaningful intellectual property and an extraordinary community.",
    "transaction_time": "2021-07-03T16:53:13",
    "eth_price": "22500000000000000000",
    "eth_price_decimal": 18,
    "usd_price": 2226.114282,
    "usd_volume": 17433361641.0,
    "usd_marketcap": 259448000000.0,
    "media_filenames": [
        "09661.jpg"
    ],
    "has_audio_in_video": false,
    "price_class": 7,
    "price_bin_3_class": 2,
    "price_bin_20_class": 15,
    "price_bin_100_class": 78
}