{
    "id": 9670,
    "name": "Brilliant Barb",
    "description": "This token is verifiable for admission to VeeCon 2022, 2023, 2024 This token is a collectible that lives on the Ethereum blockchain Additional Content: - [Character Vector](https://cdn.veefriends.com/f6pXbdBrDkgJjmSV-_XTrDCsS97-QXp2H6Yu0fLSCB0/3202.svg) - [Character Image](https://cdn.veefriends.com/f6pXbdBrDkgJjmSV-_XTrDCsS97-QXp2H6Yu0fLSCB0/2685.png) - [Character Creation Video](https://cdn.veefriends.com/f6pXbdBrDkgJjmSV-_XTrDCsS97-QXp2H6Yu0fLSCB0/172.mp4) - [Character with Gary Vaynerchuk](https://cdn.veefriends.com/f6pXbdBrDkgJjmSV-_XTrDCsS97-QXp2H6Yu0fLSCB0/208.jpg)",
    "collection_name": "VeeFriends",
    "collection_description": "A Gary Vaynerchuk NFT project around meaningful intellectual property and an extraordinary community.",
    "transaction_time": "2021-07-15T04:12:34",
    "eth_price": "5200000000000000000",
    "eth_price_decimal": 18,
    "usd_price": 1911.18,
    "usd_volume": 15688092552.0,
    "usd_marketcap": 223049018143.0,
    "media_filenames": [
        "09670.jpg"
    ],
    "has_audio_in_video": false,
    "price_class": 6,
    "price_bin_3_class": 1,
    "price_bin_20_class": 12,
    "price_bin_100_class": 62
}