{
    "id": 9829,
    "name": "Eager Eagle",
    "description": "This token is verifiable for admission to VeeCon 2022, 2023, 2024 This token is a collectible that lives on the Ethereum blockchain Additional Content: - [Character Vector](https://cdn.veefriends.com/f6pXbdBrDkgJjmSV-_XTrDCsS97-QXp2H6Yu0fLSCB0/3925.svg) - [Character Image](https://cdn.veefriends.com/f6pXbdBrDkgJjmSV-_XTrDCsS97-QXp2H6Yu0fLSCB0/2719.png) - [Character Creation Video](https://cdn.veefriends.com/f6pXbdBrDkgJjmSV-_XTrDCsS97-QXp2H6Yu0fLSCB0/762.mp4) - [Character with Gary Vaynerchuk](https://cdn.veefriends.com/f6pXbdBrDkgJjmSV-_XTrDCsS97-QXp2H6Yu0fLSCB0/784.jpg)",
    "collection_name": "VeeFriends",
    "collection_description": "A Gary Vaynerchuk NFT project around meaningful intellectual property and an extraordinary community.",
    "transaction_time": "2021-07-14T21:37:03",
    "eth_price": "26000000000000000000",
    "eth_price_decimal": 18,
    "usd_price": 1994.33,
    "usd_volume": 17342819679.0,
    "usd_marketcap": 232727182406.0,
    "media_filenames": [
        "09829.jpg"
    ],
    "has_audio_in_video": false,
    "price_class": 7,
    "price_bin_3_class": 2,
    "price_bin_20_class": 15,
    "price_bin_100_class": 78
}