{
    "id": 9851,
    "name": "Facetime Flea",
    "description": "Each holder of a Facetime Flea token will be granted one (1), five (5) minute video call with Gary Vaynerchuk per ''year'' (i.e.). Each year shall be defined as the twelve month time period commencing on May 6, 2021, May 6, 2022, and May 6, 2023. In no event shall any experience (including this experience) occur after May 5, 2024. In other words, there are three (3) total redemptions occurring as follows: - One (1) redemptions must occur between May 6, 2021 and May 5, 2022 - One (1) redemptions must occur between May 6, 2022 and May 5, 2023 - One (1) redemptions must occur between May 6, 2023 and May 5, 2024 This token is verifiable for admission to VeeCon 2022, 2023, 2024 All access experiences will be pre-scheduled in advance with 90 day notice via a VeeFriends representative This token is a collectible that lives on the Ethereum blockchain Additional Content: - [Character Vector](https://cdn.veefriends.com/f6pXbdBrDkgJjmSV-_XTrDCsS97-QXp2H6Yu0fLSCB0/3973.svg) - [Character Image](https://cdn.veefriends.com/f6pXbdBrDkgJjmSV-_XTrDCsS97-QXp2H6Yu0fLSCB0/2694.png) - [Character Creation Video](https://cdn.veefriends.com/f6pXbdBrDkgJjmSV-_XTrDCsS97-QXp2H6Yu0fLSCB0/651.mp4) - [Character with Gary Vaynerchuk](https://cdn.veefriends.com/f6pXbdBrDkgJjmSV-_XTrDCsS97-QXp2H6Yu0fLSCB0/770.jpg) - [Token Explanation Video](https://cdn.veefriends.com/f6pXbdBrDkgJjmSV-_XTrDCsS97-QXp2H6Yu0fLSCB0/4601.mp4)",
    "collection_name": "VeeFriends",
    "collection_description": "A Gary Vaynerchuk NFT project around meaningful intellectual property and an extraordinary community.",
    "transaction_time": "2021-06-29T00:33:33",
    "eth_price": "14800000000000000000",
    "eth_price_decimal": 18,
    "usd_price": 2160.768352,
    "usd_volume": 24815124419.0,
    "usd_marketcap": 251716000000.0,
    "media_filenames": [
        "09851.jpg"
    ],
    "has_audio_in_video": false,
    "price_class": 7,
    "price_bin_3_class": 2,
    "price_bin_20_class": 14,
    "price_bin_100_class": 72
}