{
    "id": 9950,
    "name": "Gift Goat",
    "description": "The Gift Goat is verifiable for an an exclusive gifting experience curated by Gary Vaynerchuk and the VeeFriends team - A minimum of six (6) physical gifts will be sent to Gift Goat token holders per year for three (3) years until token experience expires - Each Year shall be defined as the twelve month time period commencing May 6 2021, May 6, 2022 and May 6, 2023. In no event shall any experience (including this Gifting experience) occur after May 5, 2024. To activate this Gift token after purchase there will be verification process on VeeFriends.com and there is no guaranteed value of any gift given. This token is verifiable for admission to VeeCon 2022, 2023, 2024 This token is a collectible that lives on the Ethereum blockchain Additional Content: - [Character Vector](https://cdn.veefriends.com/f6pXbdBrDkgJjmSV-_XTrDCsS97-QXp2H6Yu0fLSCB0/3803.svg) - [Character Image](https://cdn.veefriends.com/f6pXbdBrDkgJjmSV-_XTrDCsS97-QXp2H6Yu0fLSCB0/2878.png) - [Character Creation Video](https://cdn.veefriends.com/f6pXbdBrDkgJjmSV-_XTrDCsS97-QXp2H6Yu0fLSCB0/1048.mp4) - [Character with Gary Vaynerchuk](https://cdn.veefriends.com/f6pXbdBrDkgJjmSV-_XTrDCsS97-QXp2H6Yu0fLSCB0/1067.jpg) - [Token Explanation Video](https://cdn.veefriends.com/f6pXbdBrDkgJjmSV-_XTrDCsS97-QXp2H6Yu0fLSCB0/4607.mp4)",
    "collection_name": "VeeFriends",
    "collection_description": "A Gary Vaynerchuk NFT project around meaningful intellectual property and an extraordinary community.",
    "transaction_time": "2021-08-05T23:39:59",
    "eth_price": "23500000000000000000",
    "eth_price_decimal": 18,
    "usd_price": 2827.33,
    "usd_volume": 31057928075.0,
    "usd_marketcap": 330757177808.0,
    "media_filenames": [
        "09950.jpg"
    ],
    "has_audio_in_video": false,
    "price_class": 8,
    "price_bin_3_class": 2,
    "price_bin_20_class": 16,
    "price_bin_100_class": 81
}