{
    "id": 10023,
    "name": "Hangout Hawk",
    "description": "The holders of the one hundred twenty five (125) Hangout Hawk tokens will be invited to join five (5), Sixty (60) minute virtual hangout Q&A sessions with Gary Vaynerchuk per \"year\" (i.e.). Each year shall be defined as the twelve month time period commencing May 6, 2021, May 6, 2022 and May 6, 2023. In no event shall any experience (including this hangout experience) occur after May 5, 2024. In other words, there are Fifteen (15) total redemptions occurring as follows: - Five (5) redemptions must occur between May 6, 2021 and May 5, 2022 - Five (5) redemptions must occur between May 6, 2022 and May 5, 2023 - Five (5) redemptions must occur between May 6, 2023 and May 5, 2024 All access experiences will be pre-scheduled in advance with 90 day notice via a VeeFriends representative This token is verifiable for admission to VeeCon 2022, 2023, 2024 This token is a collectible that lives on the Ethereum blockchain Additional Content: - [Character Vector](https://cdn.veefriends.com/f6pXbdBrDkgJjmSV-_XTrDCsS97-QXp2H6Yu0fLSCB0/3647.svg) - [Character Image](https://cdn.veefriends.com/f6pXbdBrDkgJjmSV-_XTrDCsS97-QXp2H6Yu0fLSCB0/2670.png) - [Character Creation Video](https://cdn.veefriends.com/f6pXbdBrDkgJjmSV-_XTrDCsS97-QXp2H6Yu0fLSCB0/1035.mp4) - [Character with Gary Vaynerchuk](https://cdn.veefriends.com/f6pXbdBrDkgJjmSV-_XTrDCsS97-QXp2H6Yu0fLSCB0/1075.jpg) - [Token Explanation Video](https://cdn.veefriends.com/f6pXbdBrDkgJjmSV-_XTrDCsS97-QXp2H6Yu0fLSCB0/4597.mp4)",
    "collection_name": "VeeFriends",
    "collection_description": "A Gary Vaynerchuk NFT project around meaningful intellectual property and an extraordinary community.",
    "transaction_time": "2021-07-29T23:02:05",
    "eth_price": "13000000000000000000",
    "eth_price_decimal": 18,
    "usd_price": 2380.96,
    "usd_volume": 16313373113.0,
    "usd_marketcap": 278318371381.0,
    "media_filenames": [
        "10023.jpg"
    ],
    "has_audio_in_video": false,
    "price_class": 7,
    "price_bin_3_class": 2,
    "price_bin_20_class": 14,
    "price_bin_100_class": 72
}