{
    "id": 10028,
    "name": "Happy Hermit Crab",
    "description": "This token is verifiable for admission to VeeCon 2022, 2023, 2024 This token is a collectible that lives on the Ethereum blockchain Additional Content: - [Character Vector](https://cdn.veefriends.com/f6pXbdBrDkgJjmSV-_XTrDCsS97-QXp2H6Yu0fLSCB0/4483.svg) - [Character Image](https://cdn.veefriends.com/f6pXbdBrDkgJjmSV-_XTrDCsS97-QXp2H6Yu0fLSCB0/4129.png) - [Character Creation Video](https://cdn.veefriends.com/f6pXbdBrDkgJjmSV-_XTrDCsS97-QXp2H6Yu0fLSCB0/1272.mp4) - [Character with Gary Vaynerchuk](https://cdn.veefriends.com/f6pXbdBrDkgJjmSV-_XTrDCsS97-QXp2H6Yu0fLSCB0/1256.jpg)",
    "collection_name": "VeeFriends",
    "collection_description": "A Gary Vaynerchuk NFT project around meaningful intellectual property and an extraordinary community.",
    "transaction_time": "2021-06-22T11:18:39",
    "eth_price": "5860000000000000000",
    "eth_price_decimal": 18,
    "usd_price": 1874.950021,
    "usd_volume": 35547251725.0,
    "usd_marketcap": 218245000000.0,
    "media_filenames": [
        "10028.jpg"
    ],
    "has_audio_in_video": false,
    "price_class": 6,
    "price_bin_3_class": 1,
    "price_bin_20_class": 12,
    "price_bin_100_class": 64
}