{
    "id": 10088,
    "name": "Insightful Irish Terrier",
    "description": "This token is verifiable for admission to VeeCon 2022, 2023, 2024 This token is a collectible that lives on the Ethereum blockchain Additional Content: - [Character Vector](https://cdn.veefriends.com/f6pXbdBrDkgJjmSV-_XTrDCsS97-QXp2H6Yu0fLSCB0/4310.svg) - [Character Image](https://cdn.veefriends.com/f6pXbdBrDkgJjmSV-_XTrDCsS97-QXp2H6Yu0fLSCB0/4033.png) - [Character Creation Video](https://cdn.veefriends.com/f6pXbdBrDkgJjmSV-_XTrDCsS97-QXp2H6Yu0fLSCB0/1275.mp4) - [Character with Gary Vaynerchuk](https://cdn.veefriends.com/f6pXbdBrDkgJjmSV-_XTrDCsS97-QXp2H6Yu0fLSCB0/1219.jpg)",
    "collection_name": "VeeFriends",
    "collection_description": "A Gary Vaynerchuk NFT project around meaningful intellectual property and an extraordinary community.",
    "transaction_time": "2021-05-23T14:31:53",
    "eth_price": "1000000000000000000",
    "eth_price_decimal": 18,
    "usd_price": 2109.579852,
    "usd_volume": 56005721977.0,
    "usd_marketcap": 244705000000.0,
    "media_filenames": [
        "10088.jpg"
    ],
    "has_audio_in_video": false,
    "price_class": 4,
    "price_bin_3_class": 1,
    "price_bin_20_class": 8,
    "price_bin_100_class": 40
}