{
    "id": 10388,
    "name": "Reliable Rat",
    "description": "This token is verifiable for admission to VeeCon 2022, 2023, 2024 This token is a collectible that lives on the Ethereum blockchain Additional Content: - [Character Vector](https://cdn.veefriends.com/f6pXbdBrDkgJjmSV-_XTrDCsS97-QXp2H6Yu0fLSCB0/4440.svg) - [Character Image](https://cdn.veefriends.com/f6pXbdBrDkgJjmSV-_XTrDCsS97-QXp2H6Yu0fLSCB0/4072.png) - [Character Creation Video](https://cdn.veefriends.com/f6pXbdBrDkgJjmSV-_XTrDCsS97-QXp2H6Yu0fLSCB0/2416.mp4) - [Character with Gary Vaynerchuk](https://cdn.veefriends.com/f6pXbdBrDkgJjmSV-_XTrDCsS97-QXp2H6Yu0fLSCB0/2421.jpg)",
    "collection_name": "VeeFriends",
    "collection_description": "A Gary Vaynerchuk NFT project around meaningful intellectual property and an extraordinary community.",
    "transaction_time": "2021-07-03T19:55:40",
    "eth_price": "11000000000000000000",
    "eth_price_decimal": 18,
    "usd_price": 2226.114282,
    "usd_volume": 17433361641.0,
    "usd_marketcap": 259448000000.0,
    "media_filenames": [
        "10388.jpg"
    ],
    "has_audio_in_video": false,
    "price_class": 7,
    "price_bin_3_class": 2,
    "price_bin_20_class": 14,
    "price_bin_100_class": 70
}