{
    "id": 10441,
    "name": "Shrewd Shark",
    "description": "This token is verifiable for admission to VeeCon 2022, 2023, 2024 This token is a collectible that lives on the Ethereum blockchain Additional Content: - [Character Vector](https://cdn.veefriends.com/f6pXbdBrDkgJjmSV-_XTrDCsS97-QXp2H6Yu0fLSCB0/4260.svg) - [Character Image](https://cdn.veefriends.com/f6pXbdBrDkgJjmSV-_XTrDCsS97-QXp2H6Yu0fLSCB0/4098.png) - [Character Creation Video](https://cdn.veefriends.com/f6pXbdBrDkgJjmSV-_XTrDCsS97-QXp2H6Yu0fLSCB0/2423.mp4) - [Character with Gary Vaynerchuk](https://cdn.veefriends.com/f6pXbdBrDkgJjmSV-_XTrDCsS97-QXp2H6Yu0fLSCB0/2332.jpg)",
    "collection_name": "VeeFriends",
    "collection_description": "A Gary Vaynerchuk NFT project around meaningful intellectual property and an extraordinary community.",
    "transaction_time": "2021-06-11T13:32:51",
    "eth_price": "28550000000000000000",
    "eth_price_decimal": 18,
    "usd_price": 2353.768687,
    "usd_volume": 24832564195.0,
    "usd_marketcap": 273631000000.0,
    "media_filenames": [
        "10441.jpg"
    ],
    "has_audio_in_video": false,
    "price_class": 8,
    "price_bin_3_class": 2,
    "price_bin_20_class": 16,
    "price_bin_100_class": 81
}