{
    "id": 10456,
    "name": "Skilled Skeleton",
    "description": "This token is verifiable for admission to VeeCon 2022, 2023, 2024 This token is a collectible that lives on the Ethereum blockchain Additional Content: - [Character Vector](https://cdn.veefriends.com/f6pXbdBrDkgJjmSV-_XTrDCsS97-QXp2H6Yu0fLSCB0/2260.svg) - [Character Image](https://cdn.veefriends.com/JmP7VWsSVjpM0VOOaHVmkPIcD1pP0YrYor8NYh3o10I/0.png) - [Character Creation Video](https://cdn.veefriends.com/f6pXbdBrDkgJjmSV-_XTrDCsS97-QXp2H6Yu0fLSCB0/2074.mp4) - [Character with Gary Vaynerchuk](https://cdn.veefriends.com/f6pXbdBrDkgJjmSV-_XTrDCsS97-QXp2H6Yu0fLSCB0/2215.jpg)",
    "collection_name": "VeeFriends",
    "collection_description": "A Gary Vaynerchuk NFT project around meaningful intellectual property and an extraordinary community.",
    "transaction_time": "2021-08-10T19:00:18",
    "eth_price": "8800000000000000000",
    "eth_price_decimal": 18,
    "usd_price": 3141.69,
    "usd_volume": 27605221710.0,
    "usd_marketcap": 367745684864.0,
    "media_filenames": [
        "10456.jpg"
    ],
    "has_audio_in_video": false,
    "price_class": 7,
    "price_bin_3_class": 2,
    "price_bin_20_class": 14,
    "price_bin_100_class": 71
}