{
    "id": 10497,
    "name": "Sufficient Shrimp",
    "description": "This token is verifiable for admission to VeeCon 2022, 2023, 2024 This token is a collectible that lives on the Ethereum blockchain Additional Content: - [Character Vector](https://cdn.veefriends.com/f6pXbdBrDkgJjmSV-_XTrDCsS97-QXp2H6Yu0fLSCB0/4425.svg) - [Character Image](https://cdn.veefriends.com/f6pXbdBrDkgJjmSV-_XTrDCsS97-QXp2H6Yu0fLSCB0/4062.png) - [Character Creation Video](https://cdn.veefriends.com/f6pXbdBrDkgJjmSV-_XTrDCsS97-QXp2H6Yu0fLSCB0/2229.mp4) - [Character with Gary Vaynerchuk](https://cdn.veefriends.com/f6pXbdBrDkgJjmSV-_XTrDCsS97-QXp2H6Yu0fLSCB0/2305.jpg)",
    "collection_name": "VeeFriends",
    "collection_description": "A Gary Vaynerchuk NFT project around meaningful intellectual property and an extraordinary community.",
    "transaction_time": "2021-06-04T12:29:07",
    "eth_price": "2399000000000000000",
    "eth_price_decimal": 18,
    "usd_price": 2688.194999,
    "usd_volume": 34173841611.0,
    "usd_marketcap": 312257000000.0,
    "media_filenames": [
        "10497.jpg"
    ],
    "has_audio_in_video": false,
    "price_class": 5,
    "price_bin_3_class": 1,
    "price_bin_20_class": 11,
    "price_bin_100_class": 56
}